create_time,symbol,sum_open_interest,sum_open_interest_value,count_toptrader_long_short_ratio,sum_toptrader_long_short_ratio,count_long_short_ratio,sum_taker_long_short_vol_ratio
2024-03-15 00:05:00,AVAXUSDT,3391610.0,184873269.49,4.96404003,2.700086,5.13581807,1.282654
2024-03-15 00:10:00,AVAXUSDT,3393632.0,184545708.16,4.94695788,2.700602,5.10896899,0.883675
2024-03-15 00:15:00,AVAXUSDT,3396569.0,184758968.38303983,4.93010252,2.700571,5.10745706,1.05726
2024-03-15 00:20:00,AVAXUSDT,3392572.0,184777472.5819921,4.94820593,2.698458,5.10385507,0.902817
2024-03-15 00:25:00,AVAXUSDT,3392697.0,186153326.19826403,4.8501861,2.694828,5.0653277,1.208203
2024-03-15 00:30:00,AVAXUSDT,3394435.0,186429159.07,4.84405941,2.679549,5.06355574,0.979602
2024-03-15 00:35:00,AVAXUSDT,3395030.0,186294407.342011,4.85088537,2.678428,5.0272612,0.905702
2024-03-15 00:40:00,AVAXUSDT,3392563.0,185478526.56163377,4.84610611,2.672612,4.9995793,0.744715
2024-03-15 00:45:00,AVAXUSDT,3392555.0,184473570.68,4.91263651,2.674227,5.09633707,0.63382
2024-03-15 00:50:00,AVAXUSDT,3390790.0,184760756.31,4.8772093,2.671274,5.07955265,0.988788
2024-03-15 00:55:00,AVAXUSDT,3392770.0,184993100.0190912,4.82785121,2.666226,5.04827876,1.12292
2024-03-15 01:00:00,AVAXUSDT,3393513.0,185287961.59265816,4.84850355,2.665086,5.07037505,1.053677
2024-03-15 01:05:00,AVAXUSDT,3392835.0,184816181.29658023,4.8292833,2.66242,5.04129979,1.047643
2024-03-15 01:10:00,AVAXUSDT,3388911.0,184499895.7661288,4.81539405,2.66412,5.02844593,0.879226
2024-03-15 01:15:00,AVAXUSDT,3388045.0,185075861.08507913,4.82718327,2.668647,5.03835674,0.835265
2024-03-15 01:20:00,AVAXUSDT,3388685.0,186142202.63279644,4.80901288,2.670206,5.00541441,1.223155
2024-03-15 01:25:00,AVAXUSDT,3385418.0,187007104.902,4.77465224,2.682783,4.94371838,1.03269
2024-03-15 01:30:00,AVAXUSDT,3388516.0,189751531.2336985,4.66861,2.684236,4.81158511,1.133646
2024-03-15 01:35:00,AVAXUSDT,3401064.0,192374383.032,4.52951807,2.675018,4.67935006,1.075572
2024-03-15 01:40:00,AVAXUSDT,3403359.0,192602892.528,4.56887136,2.66337,4.73358116,0.834269
2024-03-15 01:45:00,AVAXUSDT,3400984.0,192920817.4,4.50962696,2.666576,4.58241095,0.928795
2024-03-15 01:50:00,AVAXUSDT,3394562.0,192614341.0133797,4.3661046,2.661566,4.54101327,0.897737
2024-03-15 01:55:00,AVAXUSDT,3410450.0,193002987.217571,4.40766152,2.640562,4.60373194,0.892118
2024-03-15 02:00:00,AVAXUSDT,3435839.0,194008084.974,4.32918552,2.61393,4.48594616,0.895555
2024-03-15 02:05:00,AVAXUSDT,3441884.0,193695463.984,4.36634506,2.614722,4.39143849,0.75278
2024-03-15 02:10:00,AVAXUSDT,3450704.0,194647311.232,4.3177098,2.607457,4.3545611,0.918141
2024-03-15 02:15:01,AVAXUSDT,3455287.0,194096145.16279757,4.35901778,2.607146,4.41910069,0.842399
2024-03-15 02:20:01,AVAXUSDT,3442931.0,192136634.10286817,4.3577696,2.635865,4.38963532,0.791234
2024-03-15 02:25:00,AVAXUSDT,3410375.0,188863157.125,4.45596756,2.678686,4.41509066,0.637606
2024-03-15 02:30:00,AVAXUSDT,3395302.0,186666913.356,4.49162996,2.690796,4.54841977,0.655069
2024-03-15 02:35:00,AVAXUSDT,3398680.0,186679296.36,4.46352183,2.704237,4.52170402,0.951339
2024-03-15 02:40:00,AVAXUSDT,3398529.0,184227460.032,4.56772674,2.726953,4.6803597,0.957288
2024-03-15 02:45:00,AVAXUSDT,3396712.0,183582155.6238296,4.63921218,2.728699,4.74110099,0.862199
2024-03-15 02:50:00,AVAXUSDT,3379376.0,182006432.608,5.89258699,2.747459,5.60367197,0.860332
2024-03-15 02:55:00,AVAXUSDT,3374357.0,179024978.0020506,5.92541857,2.760471,5.61087866,0.911281
2024-03-15 03:00:00,AVAXUSDT,3378668.0,182403038.37617493,5.69118745,2.746526,5.43467703,1.2019
2024-03-15 03:05:00,AVAXUSDT,3391591.0,184940177.561503,4.45989787,2.720497,4.61109948,1.077968
2024-03-15 03:10:00,AVAXUSDT,3410112.0,186820049.09744447,4.35851284,2.728353,4.49794408,1.015546
2024-03-15 03:15:00,AVAXUSDT,3410762.0,186503559.92577973,4.3529238,2.7155,4.4635202,1.014234
2024-03-15 03:20:00,AVAXUSDT,3418835.0,185926503.805,4.38011869,2.710161,4.48221671,0.764117
2024-03-15 03:25:00,AVAXUSDT,3402385.0,181023252.1671413,5.66214178,2.70607,5.36109082,0.924564
2024-03-15 03:30:00,AVAXUSDT,3384955.0,176976294.7590939,5.66890292,2.730561,5.49498151,0.776971
2024-03-15 03:35:00,AVAXUSDT,3401893.0,181138393.1649039,5.61502347,2.75683,5.44047306,1.019689
2024-03-15 03:40:00,AVAXUSDT,3409285.0,183571753.0749938,5.54400931,2.766824,5.39295039,1.121709
2024-03-15 03:45:00,AVAXUSDT,3418687.0,183692889.884,5.53950426,2.781174,5.33962752,0.891386
2024-03-15 03:50:00,AVAXUSDT,3427061.0,186390993.668,5.43163539,2.780079,5.04377937,1.07659
2024-03-15 03:55:00,AVAXUSDT,3435349.0,186659687.915,5.17833907,2.78863,4.86165228,0.947735
2024-03-15 04:00:01,AVAXUSDT,3440081.0,186385894.879104,5.46262936,2.799236,5.06651885,0.836555
2024-03-15 04:05:00,AVAXUSDT,3446954.0,184571853.95442095,5.54389313,2.808823,5.137077,0.90357
2024-03-15 04:10:00,AVAXUSDT,3460387.0,184431706.326,5.60802469,2.805973,5.17910079,0.82924
2024-03-15 04:15:00,AVAXUSDT,3459873.0,187204685.47892085,5.43484906,2.818542,5.06806412,1.366351
2024-03-15 04:20:00,AVAXUSDT,3450872.0,185010246.8969493,5.51547988,2.820062,5.09176354,0.912276
2024-03-15 04:25:00,AVAXUSDT,3434562.0,182437064.316,5.69182636,2.833738,5.24825175,0.756202
2024-03-15 04:30:00,AVAXUSDT,3427374.0,181458889.056,5.78801112,2.846553,5.52494748,0.910815
2024-03-15 04:35:00,AVAXUSDT,3411733.0,178577741.29256594,5.82846861,2.87372,5.52431012,0.812554
2024-03-15 04:40:00,AVAXUSDT,3388259.0,175397248.45631155,5.87329591,2.9107,5.55890122,0.80141
2024-03-15 04:45:00,AVAXUSDT,3383726.0,174008109.55,5.88705788,2.92923,5.58881491,0.977695
2024-03-15 04:50:00,AVAXUSDT,3376592.0,175493153.64846495,5.87139423,2.934959,5.58967536,1.164371
2024-03-15 04:55:00,AVAXUSDT,3376196.0,174937595.74,5.78451716,2.940638,5.575,1.139042
2024-03-15 05:00:00,AVAXUSDT,3375038.0,174732467.336,5.7336763,2.948731,5.53537487,1.06876
2024-03-15 05:05:00,AVAXUSDT,3371071.0,176640749.329,5.77321642,2.958442,5.56694171,1.073815
2024-03-15 05:10:00,AVAXUSDT,3370897.0,178050779.54,5.70149842,2.971831,5.49001052,1.275648
2024-03-15 05:15:00,AVAXUSDT,3371599.0,179016962.5908764,5.70003942,2.984571,5.50461133,0.999724
2024-03-15 05:20:00,AVAXUSDT,3366434.0,176969543.31099525,5.65314961,2.976128,5.41161088,0.930456
2024-03-15 05:25:00,AVAXUSDT,3363965.0,176517335.445,5.7898064,2.984312,5.54049803,0.659918
2024-03-15 05:30:00,AVAXUSDT,3357646.0,176121963.284,5.80142405,2.994586,5.33400555,0.836021
2024-03-15 05:35:00,AVAXUSDT,3356908.0,175791201.236,5.73784861,2.991386,5.24576913,1.075854
2024-03-15 05:40:00,AVAXUSDT,3352111.0,174488673.4601267,5.75894613,2.999185,5.30429325,1.066082
2024-03-15 05:45:00,AVAXUSDT,3344826.0,173214675.37347084,5.82949126,3.004934,5.32175227,0.836553
2024-03-15 05:50:00,AVAXUSDT,3345307.0,172769025.52543873,5.82565528,3.007626,5.33804595,0.925016
2024-03-15 05:55:00,AVAXUSDT,3348430.0,174168586.45,5.78997236,3.017349,5.31749623,1.271714
2024-03-15 06:00:00,AVAXUSDT,3345892.0,173584876.96,5.83260437,3.023362,5.34866094,1.016305
2024-03-15 06:05:00,AVAXUSDT,3353224.0,175574808.64,5.68404423,3.033897,5.25404858,0.959402
2024-03-15 06:10:00,AVAXUSDT,3358212.0,177256503.996,5.58908382,3.035501,5.16978777,0.953995
2024-03-15 06:15:00,AVAXUSDT,3359505.0,177590153.31,5.62098669,3.044529,5.15227669,0.808913
2024-03-15 06:20:00,AVAXUSDT,3364345.0,178616440.395,5.61297889,3.035484,5.12005929,1.054876
2024-03-15 06:25:00,AVAXUSDT,3366692.0,180056050.2903484,5.56004664,3.030226,5.12713755,1.077163
2024-03-15 06:30:00,AVAXUSDT,3367917.0,181433056.707,5.52729384,3.032211,5.08321024,1.075001
2024-03-15 06:35:00,AVAXUSDT,3373864.0,183373804.47598577,5.40692805,3.027129,5.00754809,1.086707
2024-03-15 06:40:00,AVAXUSDT,3383097.0,183378992.53020376,5.09193246,3.015156,4.80399711,0.982501
2024-03-15 06:45:00,AVAXUSDT,3387190.0,183869391.1500368,5.04443615,3.017093,4.720258,1.02262
2024-03-15 06:50:00,AVAXUSDT,3395947.0,184698028.99093357,5.08876404,3.002443,4.78629417,0.969325
2024-03-15 06:55:00,AVAXUSDT,3395262.0,184427927.14033815,5.11056788,2.98808,4.79220469,0.845443
2024-03-15 07:00:01,AVAXUSDT,3392604.0,184503954.13749972,5.13562524,2.985027,4.79603061,0.881651
2024-03-15 07:05:00,AVAXUSDT,3390162.0,183272157.72,5.18043396,2.983232,4.69789227,0.683337
2024-03-15 07:10:00,AVAXUSDT,3393627.0,183225740.17122787,5.21795856,2.981131,4.70413923,0.789692
2024-03-15 07:15:00,AVAXUSDT,3394696.0,184155468.608,5.18411001,2.979782,4.68307548,0.962791
2024-03-15 07:20:00,AVAXUSDT,3400888.0,183214261.2397536,5.27265686,2.974658,4.7406531,0.776449
2024-03-15 07:25:00,AVAXUSDT,3394552.0,182865506.22714528,5.28366317,2.980407,4.70481786,0.686944
2024-03-15 07:30:00,AVAXUSDT,3395213.0,182854410.41522115,5.27508718,2.972135,4.70797084,0.950841
2024-03-15 07:35:00,AVAXUSDT,3394774.0,182981713.374,5.2514462,2.967434,4.70180794,1.188058
2024-03-15 07:40:00,AVAXUSDT,3398274.0,183596154.66829497,5.28233927,2.973028,4.72907333,1.300278
2024-03-15 07:45:00,AVAXUSDT,3395794.0,183430555.05523935,5.24894027,2.971631,4.72262774,1.174638
2024-03-15 07:50:00,AVAXUSDT,3391046.0,183543755.796,5.25481881,2.978435,4.75189215,0.897144
2024-03-15 07:55:00,AVAXUSDT,3385896.0,182015379.0672523,5.31671212,2.982164,4.78155455,0.841957
2024-03-15 08:00:01,AVAXUSDT,3383186.0,181991724.498,5.2788536,2.987487,4.73603582,1.072332
2024-03-15 08:05:00,AVAXUSDT,3387353.0,182246366.106,5.24558032,2.985011,4.72797745,0.915479
2024-03-15 08:10:00,AVAXUSDT,3381400.0,180920957.118924,5.35560766,2.994708,4.81130725,0.666639
2024-03-15 08:15:00,AVAXUSDT,3380462.0,180848019.59488097,5.29318358,3.008144,4.75828598,0.864008
2024-03-15 08:20:00,AVAXUSDT,3396628.0,181396918.34,5.20373903,3.003004,4.69311798,1.155953
2024-03-15 08:25:00,AVAXUSDT,3397254.0,180144935.35839528,5.56425234,3.014144,4.88128393,0.74561
2024-03-15 08:30:00,AVAXUSDT,3399030.0,179183265.48,5.73210071,3.026755,5.03553542,0.835933
2024-03-15 08:35:00,AVAXUSDT,3404343.0,179817397.26,5.63400465,3.027813,4.98770686,1.21
2024-03-15 08:40:00,AVAXUSDT,3403269.0,178450831.2716368,5.65784352,3.047608,4.99242424,0.79576
2024-03-15 08:45:00,AVAXUSDT,3398613.0,176710002.4563301,5.85800483,3.047868,5.16536012,0.742985
2024-03-15 08:50:00,AVAXUSDT,3376196.0,172984391.0648292,6.08267879,3.076193,5.72192936,0.748306
2024-03-15 08:55:00,AVAXUSDT,3367848.0,171128887.23484224,6.24853065,3.128499,5.92046063,0.872175
2024-03-15 09:00:00,AVAXUSDT,3379262.0,169598401.256,6.33177768,3.091913,6.01085482,0.801723
2024-03-15 09:05:00,AVAXUSDT,3389500.0,170627348.04189,6.24739692,3.050758,6.00697799,1.013547
2024-03-15 09:10:00,AVAXUSDT,3358810.0,166043493.3185665,5.86838918,3.092481,5.62881981,0.835417
2024-03-15 09:15:00,AVAXUSDT,3339661.0,163416305.81140333,6.09481293,3.088787,5.71248285,0.791118
2024-03-15 09:20:00,AVAXUSDT,3334669.0,166727805.63921052,6.01256281,3.080563,5.74107633,0.941064
2024-03-15 09:25:00,AVAXUSDT,3339927.0,166748282.2659582,6.07909129,3.061177,5.79472383,0.980739
2024-03-15 09:30:00,AVAXUSDT,3344818.0,166359581.12998688,6.12811839,3.095532,5.86239293,1.132559
2024-03-15 09:35:00,AVAXUSDT,3337844.0,166501672.252,6.18537415,3.096809,5.8885817,1.068884
2024-03-15 09:40:00,AVAXUSDT,3317462.0,169062856.6652308,6.12774958,3.056475,5.93886097,1.320505
2024-03-15 09:45:00,AVAXUSDT,3310305.0,169102127.2090023,6.12299239,3.071777,5.92871121,1.015313
2024-03-15 09:50:00,AVAXUSDT,3276870.0,166992853.9791261,6.24108294,3.08619,6.01667609,0.825829
2024-03-15 09:55:00,AVAXUSDT,3271651.0,168159908.702256,6.22184154,3.094125,5.99129458,1.003306
2024-03-15 10:00:01,AVAXUSDT,3272737.0,167341627.94957244,6.10431808,3.083899,5.92891396,0.920331
2024-03-15 10:05:00,AVAXUSDT,3272195.0,166793595.735,6.03225806,3.07869,5.84512161,0.81456
2024-03-15 10:10:00,AVAXUSDT,3269018.0,165752288.672,6.00592467,3.086254,5.78973648,0.979892
2024-03-15 10:15:00,AVAXUSDT,3270587.0,165258719.35129127,6.14692144,3.104879,5.62132839,0.981263
2024-03-15 10:20:00,AVAXUSDT,3274742.0,167127560.96860045,6.01567133,3.100647,5.51693122,1.320899
2024-03-15 10:25:00,AVAXUSDT,3275461.0,168116742.3694222,6.00126636,3.098928,5.56381561,1.170675
2024-03-15 10:30:00,AVAXUSDT,3302404.0,170562561.792,5.78008976,3.094927,5.431219,1.057544
2024-03-15 10:35:00,AVAXUSDT,3306549.0,170625658.94623455,5.70576299,3.092243,5.31993818,0.723718
2024-03-15 10:40:00,AVAXUSDT,3304039.0,169417396.6600943,5.72723561,3.082719,5.30567799,0.663701
2024-03-15 10:45:00,AVAXUSDT,3298160.0,169103259.52,5.75914509,3.081219,5.31955278,0.844171
2024-03-15 10:50:00,AVAXUSDT,3297903.0,169907962.56,5.77841845,3.080396,5.34507042,1.064241
2024-03-15 10:55:00,AVAXUSDT,3304814.0,169450380.9961978,5.75071516,3.078002,5.35095905,1.277355
2024-03-15 11:00:00,AVAXUSDT,3298139.0,167687281.177,5.88921283,3.077292,5.43036979,0.834755
2024-03-15 11:05:00,AVAXUSDT,3296219.0,167988505.116,5.80139803,3.097652,5.39073881,1.172895
2024-03-15 11:10:00,AVAXUSDT,3297870.0,165747401.2535796,6.05002102,3.128282,5.51730467,0.664177
2024-03-15 11:15:00,AVAXUSDT,3307506.0,165954116.72520575,6.0058504,3.1219,5.4916318,0.919087
2024-03-15 11:20:00,AVAXUSDT,3309050.0,165037306.7791285,5.99749269,3.118982,5.48655001,0.90464
2024-03-15 11:25:00,AVAXUSDT,3313501.0,163578766.01120573,6.08516949,3.102338,5.71646674,0.759516
2024-03-15 11:30:00,AVAXUSDT,3310396.0,163255489.136,6.0794926,3.091586,5.74583219,0.852002
2024-03-15 11:35:00,AVAXUSDT,3317070.0,166359498.1641297,6.02973199,3.08243,5.81489595,1.025842
2024-03-15 11:40:00,AVAXUSDT,3320508.0,168485859.7363866,5.78427336,3.094912,5.61306941,1.48089
2024-03-15 11:45:00,AVAXUSDT,3332496.0,169417431.648,5.75461633,3.088953,5.60579789,1.201313
2024-03-15 11:50:00,AVAXUSDT,3329768.0,170201091.32,5.7995029,3.092024,5.63666301,0.940058
2024-03-15 11:55:00,AVAXUSDT,3334518.0,171986065.43195683,5.67778682,3.09788,5.52004305,1.214114
2024-03-15 12:00:01,AVAXUSDT,3342104.0,172308855.928,5.67682927,3.100492,5.52705249,1.018029
2024-03-15 12:05:00,AVAXUSDT,3344538.0,171507908.64,5.68933225,3.091763,5.51368026,0.829842
2024-03-15 12:10:00,AVAXUSDT,3342411.0,170242976.97789633,5.71090241,3.101253,5.50522368,0.850003
2024-03-15 12:15:00,AVAXUSDT,3339523.0,170391765.8015022,5.71300448,3.118891,5.26009198,1.004164
2024-03-15 12:20:00,AVAXUSDT,3333826.0,168932933.39778864,5.82863071,3.129132,5.29297075,0.692412
2024-03-15 12:25:00,AVAXUSDT,3323287.0,170348844.95882154,5.79677819,3.135275,5.29620123,0.949901
2024-03-15 12:30:00,AVAXUSDT,3324108.0,170259269.24092367,5.79867714,3.146686,5.32980645,1.116671
2024-03-15 12:35:00,AVAXUSDT,3325826.0,172035001.502,5.68671272,3.149164,5.31530139,1.205839
2024-03-15 12:40:00,AVAXUSDT,3324402.0,171561250.37356794,5.55261044,3.142966,5.12893323,1.173331
2024-03-15 12:45:00,AVAXUSDT,3322293.0,169691560.34611872,5.6503468,3.144457,5.16701031,0.677139
2024-03-15 12:50:00,AVAXUSDT,3316188.0,169164528.23810437,5.61846902,3.145448,5.13756073,0.937213
2024-03-15 12:55:00,AVAXUSDT,3313350.0,168888076.2,5.70016407,3.1481,5.20429273,0.863997
2024-03-15 13:00:00,AVAXUSDT,3328294.0,169952676.522,5.7001229,3.137583,5.18235597,1.080978
2024-03-15 13:05:00,AVAXUSDT,3328527.0,172690637.814,5.54724568,3.132457,5.10045778,1.244534
2024-03-15 13:10:00,AVAXUSDT,3332464.0,172775441.3435603,5.63376835,3.156556,5.18712846,0.889025
2024-03-15 13:15:00,AVAXUSDT,3327901.0,171720047.0531058,5.59757085,3.16707,5.13258254,0.903437
2024-03-15 13:20:00,AVAXUSDT,3325734.0,170926098.93,5.55707395,3.174161,5.12621359,0.950763
2024-03-15 13:25:00,AVAXUSDT,3320272.0,170479365.84,5.5868336,3.179644,5.15495126,0.990026
2024-03-15 13:30:00,AVAXUSDT,3319178.0,170678771.116,5.60931174,3.191962,5.17660668,1.103531
2024-03-15 13:35:00,AVAXUSDT,3322479.0,171918766.89173633,5.56189711,3.190864,5.13797501,1.037896
2024-03-15 13:40:00,AVAXUSDT,3327775.0,174304841.43629426,5.55175191,3.196487,5.15485362,1.058665
2024-03-15 13:45:00,AVAXUSDT,3361611.0,179321777.184,3.94995423,3.19626,4.0405491,1.216819
2024-03-15 13:50:00,AVAXUSDT,3393044.0,183000435.096,3.89343021,3.180049,3.98048269,1.14384
2024-03-15 13:55:00,AVAXUSDT,3402728.0,184635424.008,3.85128665,3.16932,3.94028298,1.031393
2024-03-15 14:00:01,AVAXUSDT,3392242.0,184076917.79469243,3.82985075,3.181669,3.87844508,0.832698
2024-03-15 14:05:00,AVAXUSDT,3378744.0,183157087.9895993,3.86359557,3.174371,3.7947494,1.003596
2024-03-15 14:10:00,AVAXUSDT,3366739.0,180433835.5351317,3.88771506,3.202552,3.81239936,0.778118
2024-03-15 14:15:00,AVAXUSDT,3372180.0,181629441.549864,4.10054022,3.193893,3.94436662,1.091908
2024-03-15 14:20:00,AVAXUSDT,3367772.0,181607245.67080328,4.08492823,3.191095,3.94615693,1.180467
2024-03-15 14:25:00,AVAXUSDT,3372371.0,184728366.267,4.06539265,3.170662,3.95799839,1.204122
2024-03-15 14:30:00,AVAXUSDT,3360450.0,182475795.45,4.11921922,3.174162,4.0138833,0.957942
2024-03-15 14:35:00,AVAXUSDT,3353218.0,180131813.3281667,4.17374166,3.184349,4.029667,0.867364
2024-03-15 14:40:00,AVAXUSDT,3358018.0,181444105.40422893,4.14802532,3.183089,3.9939976,1.064388
2024-03-15 14:45:00,AVAXUSDT,3360863.0,180989194.276,4.15792646,3.172788,3.99322709,0.825748
2024-03-15 14:50:00,AVAXUSDT,3364524.0,181276488.9432342,4.17625681,3.14687,4.02792286,1.129673
2024-03-15 14:55:00,AVAXUSDT,3370058.0,182495365.95404425,4.15626893,3.154044,3.95350229,1.047483
2024-03-15 15:00:00,AVAXUSDT,3366246.0,184143754.938,4.09814482,3.142521,3.93074023,1.41283
2024-03-15 15:05:00,AVAXUSDT,3373230.0,185401159.8793494,4.03308495,3.146627,3.90901851,1.031374
2024-03-15 15:10:00,AVAXUSDT,3367428.0,183949121.928,4.05172414,3.14596,3.89081935,0.850894
2024-03-15 15:15:00,AVAXUSDT,3370630.0,186925027.91,4.00827423,3.124481,3.88280481,1.07928
2024-03-15 15:20:00,AVAXUSDT,3359099.0,184318460.60254428,4.04182735,3.132911,3.87737885,0.956862
2024-03-15 15:25:00,AVAXUSDT,3385397.0,187977288.23760536,3.9498396,3.107979,3.81084759,1.204695
2024-03-15 15:30:00,AVAXUSDT,3395621.0,189784653.311,3.87550086,3.103249,3.73705255,1.199811
2024-03-15 15:35:00,AVAXUSDT,3464108.0,197048855.364,3.75962075,3.03363,3.6249768,1.180785
2024-03-15 15:40:00,AVAXUSDT,3450033.0,194888914.137,3.73647712,3.020761,3.603125,1.02164
2024-03-15 15:45:00,AVAXUSDT,3439679.0,194609304.18332356,3.7175424,3.024321,3.56935247,0.964514
2024-03-15 15:50:00,AVAXUSDT,3436278.0,191840528.184,3.78106509,3.04846,3.59678314,0.699909
2024-03-15 15:55:00,AVAXUSDT,3445058.0,191369450.46506417,3.82618574,3.028972,3.65869041,0.751977
2024-03-15 16:00:00,AVAXUSDT,3450440.0,191422065.8968072,3.88808768,3.026833,3.68523364,0.710815
2024-03-15 16:05:00,AVAXUSDT,3451483.0,190159455.885,3.91299304,3.031946,3.68409219,0.98622
2024-03-15 16:10:00,AVAXUSDT,3432408.0,187061683.01376024,3.97719194,3.074112,3.70689326,0.638977
2024-03-15 16:15:00,AVAXUSDT,3442817.0,188797198.646,5.12980421,3.073247,4.4384515,1.024217
2024-03-15 16:20:00,AVAXUSDT,3443688.0,190067471.784,5.13753167,3.057226,4.48209607,1.051779
2024-03-15 16:25:00,AVAXUSDT,3444909.0,190202686.42547563,5.11039195,3.044277,4.45741461,0.837684
2024-03-15 16:30:00,AVAXUSDT,3449414.0,193831444.79426697,4.8508426,3.011367,4.32697725,1.314578
2024-03-15 16:35:00,AVAXUSDT,3445598.0,192652040.93487117,4.70131719,3.000168,4.17453843,0.89568
2024-03-15 16:40:00,AVAXUSDT,3438574.0,192605882.74223283,4.69665718,3.005211,4.16970216,0.862548
2024-03-15 16:45:00,AVAXUSDT,3442970.0,193942710.6720452,4.678104,3.002678,4.18779243,1.210562
2024-03-15 16:50:00,AVAXUSDT,3443485.0,193678813.825,4.68259023,2.997427,4.1979544,0.997183
2024-03-15 16:55:00,AVAXUSDT,3445360.0,192802345.6,3.80871321,2.975973,3.61435973,0.838605
2024-03-15 17:00:00,AVAXUSDT,3453204.0,193141152.924,3.80663781,2.977183,3.52275209,0.934866
2024-03-15 17:05:00,AVAXUSDT,3447346.0,190444028.90755495,3.86731107,2.983285,3.53921028,0.618754
2024-03-15 17:10:00,AVAXUSDT,3458254.0,191407666.79810205,3.87041923,2.970618,3.55813953,0.80982
2024-03-15 17:15:00,AVAXUSDT,3458467.0,193598065.726,3.83740547,2.964235,3.56702932,1.093292
2024-03-15 17:20:00,AVAXUSDT,3465086.0,193130033.296,3.84895227,2.955728,3.58716104,0.810582
2024-03-15 17:25:00,AVAXUSDT,3461888.0,193249511.936,3.85336049,2.966711,3.58377782,0.891433
2024-03-15 17:30:00,AVAXUSDT,3465807.0,193800995.826,3.85772476,2.961297,3.58953168,0.947841
2024-03-15 17:35:00,AVAXUSDT,3477226.0,194637725.35,3.83188657,2.970773,3.55248317,1.19497
2024-03-15 17:40:00,AVAXUSDT,3469434.0,193893592.14899743,3.86251092,2.973552,3.55773777,0.717144
2024-03-15 17:45:00,AVAXUSDT,3472177.0,194001720.92756763,3.88018703,2.975129,3.57680365,1.081765
2024-03-15 17:50:00,AVAXUSDT,3490174.0,196039583.406,3.83917705,2.984996,3.55527319,1.093666
2024-03-15 17:55:00,AVAXUSDT,3501011.0,197702091.17,3.76189112,2.985744,3.44263469,1.22613
2024-03-15 18:00:01,AVAXUSDT,3515770.0,198036632.0427512,3.7974175,2.999826,3.52143498,1.20904
2024-03-15 18:05:00,AVAXUSDT,3519198.0,199516715.3146356,3.79542203,2.993635,3.52555397,1.264249
2024-03-15 18:10:00,AVAXUSDT,3518215.0,198652491.76,3.81158589,2.986678,3.53967119,0.990602
2024-03-15 18:15:00,AVAXUSDT,3520369.0,198178587.3824316,3.80979662,2.992631,3.53760943,0.805363
2024-03-15 18:20:00,AVAXUSDT,3518792.0,199658228.35720456,3.796,2.987201,3.54074339,0.877402
2024-03-15 18:25:00,AVAXUSDT,3523190.0,200131284.76,3.77354196,2.971981,3.51767004,1.334208
2024-03-15 18:30:00,AVAXUSDT,3519590.0,199884555.28,3.76205332,2.980594,3.50796178,1.067203
2024-03-15 18:35:00,AVAXUSDT,3532765.0,200328529.32856256,3.73284383,2.992627,3.49743862,1.196105
2024-03-15 18:40:00,AVAXUSDT,3517379.0,200151741.20447913,3.75368899,2.994095,3.50956768,1.044811
2024-03-15 18:45:00,AVAXUSDT,3513302.0,200760616.186,3.72197055,2.99527,3.53791002,1.086851
2024-03-15 18:50:00,AVAXUSDT,3503346.0,198915189.51905832,3.71049661,2.98951,3.51773935,0.819472
2024-03-15 18:55:00,AVAXUSDT,3521420.0,202076334.5227858,3.64732019,2.96064,3.47190417,1.207439
2024-03-15 19:00:00,AVAXUSDT,3530011.0,202481430.96,3.65955087,2.952856,3.52868272,1.069791
2024-03-15 19:05:00,AVAXUSDT,3527982.0,203129486.99065873,3.63889655,2.964146,3.50827174,0.716563
2024-03-15 19:10:00,AVAXUSDT,3548921.0,205695461.16,3.52804118,2.952231,3.32556953,1.200617
2024-03-15 19:15:00,AVAXUSDT,3541704.0,205435119.90710855,3.5229854,2.965718,3.31752507,1.038291
2024-03-15 19:20:00,AVAXUSDT,3564006.0,208120130.37,3.45190217,2.949261,3.27520576,1.189044
2024-03-15 19:25:00,AVAXUSDT,3539217.0,204443277.82897487,3.61641168,2.998012,3.33547491,0.844275
2024-03-15 19:30:00,AVAXUSDT,3549724.0,205866243.38,3.55904866,2.988147,3.32441242,1.090072
2024-03-15 19:35:00,AVAXUSDT,3554336.0,204566254.144,3.62538015,2.968243,3.374957,0.900866
2024-03-15 19:40:00,AVAXUSDT,3544032.0,202619305.92621312,3.61944214,2.981143,3.36340162,0.699619
2024-03-15 19:45:00,AVAXUSDT,3544592.0,202953157.42642495,3.62240664,2.997209,3.3412087,0.852707
2024-03-15 19:50:00,AVAXUSDT,3534750.0,199956874.34832752,3.65070028,3.00213,3.35097155,0.658395
2024-03-15 19:55:00,AVAXUSDT,3526773.0,198800444.2391432,3.67192785,3.018452,3.33664228,0.798474
2024-03-15 20:00:00,AVAXUSDT,3513205.0,197628474.77851105,3.71778791,3.021815,3.35687928,0.610583
2024-03-15 20:05:00,AVAXUSDT,3499846.0,195492690.2931366,3.75645439,3.033722,3.40081546,0.85766
2024-03-15 20:10:00,AVAXUSDT,3475953.0,192137835.65621927,3.89285714,3.071878,3.52886542,0.736206
2024-03-15 20:15:00,AVAXUSDT,3469216.0,192648124.5879472,3.92076583,3.065951,3.56438004,1.055545
2024-03-15 20:20:00,AVAXUSDT,3463270.0,194469537.04,3.8293825,3.076226,3.5326366,1.243174
2024-03-15 20:25:00,AVAXUSDT,3462503.0,195319810.74613932,3.81934732,3.084832,3.53661662,1.41964
2024-03-15 20:30:00,AVAXUSDT,3452078.0,192989283.54045844,3.85219941,3.07946,3.53888381,0.828947
2024-03-15 20:35:00,AVAXUSDT,3437560.0,192227349.9543292,3.86641109,3.115447,3.53257478,0.786058
2024-03-15 20:40:00,AVAXUSDT,3438831.0,191104693.48788345,3.94580265,3.095216,3.6134238,1.080682
2024-03-15 20:45:00,AVAXUSDT,3421625.0,188671585.2613587,4.9445061,3.115052,4.16762147,0.6717
2024-03-15 20:50:00,AVAXUSDT,3426368.0,188055579.72953665,5.05306737,3.123355,4.22219846,0.870443
2024-03-15 20:55:00,AVAXUSDT,3442185.0,189566834.404293,5.22445188,3.129437,4.31413502,1.002971
2024-03-15 21:00:00,AVAXUSDT,3440862.0,189431737.3214262,5.24487514,3.131602,4.33707627,0.844033
2024-03-15 21:05:00,AVAXUSDT,3446221.0,190726516.70274153,5.26644245,3.110511,4.40566038,1.068469
2024-03-15 21:10:00,AVAXUSDT,3444205.0,190598143.99703383,5.26164741,3.111183,4.40928541,1.702634
2024-03-15 21:15:00,AVAXUSDT,3439212.0,189392089.50346187,5.29266467,3.112171,4.41857479,0.918666
2024-03-15 21:20:00,AVAXUSDT,3440976.0,190833267.46530816,5.24304267,3.11536,4.4221794,1.79552
2024-03-15 21:25:00,AVAXUSDT,3441640.0,191537090.7120424,5.22386406,3.10897,4.43156993,1.599591
2024-03-15 21:30:00,AVAXUSDT,3419934.0,187996307.2796722,5.44291714,3.122771,4.5495082,0.573514
2024-03-15 21:35:00,AVAXUSDT,3420684.0,189288944.03756377,5.38848921,3.123321,4.50856647,1.718063
2024-03-15 21:40:00,AVAXUSDT,3417155.0,189457324.665,5.39385898,3.122429,4.51041215,1.114935
2024-03-15 21:45:00,AVAXUSDT,3415684.0,188711048.34103012,5.37693762,3.127606,4.50563747,0.877507
2024-03-15 21:50:00,AVAXUSDT,3414510.0,187964429.95555833,5.46032963,3.136743,4.67100831,0.730041
2024-03-15 21:55:00,AVAXUSDT,3409114.0,188263373.3096721,5.45691306,3.135788,4.69622257,0.966133
2024-03-15 22:00:00,AVAXUSDT,3408342.0,189105609.02669895,5.44423224,3.142336,4.66434822,1.1714
2024-03-15 22:05:00,AVAXUSDT,3415577.0,188539850.4,5.41910925,3.13802,4.67732493,1.455058
2024-03-15 22:10:00,AVAXUSDT,3414840.0,188882028.4552344,5.43309188,3.134845,4.68238994,1.237969
2024-03-15 22:15:00,AVAXUSDT,3419478.0,190054587.24,5.43428571,3.136543,4.72174503,1.685388
2024-03-15 22:20:00,AVAXUSDT,3425896.0,191305458.536,5.27592733,3.127481,4.58913336,1.752609
2024-03-15 22:25:00,AVAXUSDT,3423618.0,191229607.008,4.97017743,3.133791,4.39680755,1.115571
2024-03-15 22:30:00,AVAXUSDT,3421947.0,190667464.893,5.00151803,3.133279,4.41702416,0.978914
2024-03-15 22:35:00,AVAXUSDT,3419492.0,189203710.51231104,5.05778798,3.143037,4.42139787,0.677324
2024-03-15 22:40:00,AVAXUSDT,3422203.0,191630436.52152392,3.98186763,3.131968,3.79022877,1.54171
2024-03-15 22:45:00,AVAXUSDT,3417280.0,192931279.188912,3.96742081,3.150658,3.79813302,1.023131
2024-03-15 22:50:00,AVAXUSDT,3417124.0,192221706.95102155,3.99333333,3.144165,3.82290852,1.121778
2024-03-15 22:55:00,AVAXUSDT,3413937.0,192933122.1520214,3.96360902,3.148044,3.82130384,1.129993
2024-03-15 23:00:00,AVAXUSDT,3424788.0,194692348.224,3.89741302,3.131782,3.79980676,1.593853
2024-03-15 23:05:00,AVAXUSDT,3424605.0,195294949.335,3.8255132,3.131658,3.72623357,1.12373
2024-03-15 23:10:00,AVAXUSDT,3433074.0,196882483.19496265,3.79900817,3.107378,3.71133042,0.888816
2024-03-15 23:15:00,AVAXUSDT,3437497.0,197478884.94526592,3.81919251,3.119698,3.71415005,0.971232
2024-03-15 23:20:00,AVAXUSDT,3438494.0,197852833.90298855,3.82179375,3.09246,3.65109788,0.820535
2024-03-15 23:25:00,AVAXUSDT,3442502.0,198106403.90238068,3.83821805,3.091011,3.66380276,0.675368
2024-03-15 23:30:00,AVAXUSDT,3448599.0,200057675.3032704,3.77732676,3.065564,3.61612604,1.004548
2024-03-15 23:35:00,AVAXUSDT,3469984.0,202040424.29390624,3.74727168,3.019887,3.59312374,0.855768
2024-03-15 23:40:00,AVAXUSDT,3461832.0,200710095.696,3.7889828,3.033444,3.56422614,0.659597
2024-03-15 23:45:00,AVAXUSDT,3472649.0,203383058.09762236,3.56935759,3.007917,3.42417622,1.11098
2024-03-15 23:50:00,AVAXUSDT,3479964.0,204082488.78,3.57457627,3.003484,3.45553145,0.800424
2024-03-15 23:55:00,AVAXUSDT,3495269.0,204093937.63266447,3.59523134,2.993934,3.4484936,0.82682
2024-03-16 00:00:00,AVAXUSDT,3517138.0,205455802.98020875,3.57469641,2.982024,3.41049438,1.030413
