create_time,symbol,sum_open_interest,sum_open_interest_value,count_toptrader_long_short_ratio,sum_toptrader_long_short_ratio,count_long_short_ratio,sum_taker_long_short_vol_ratio
2025-07-08 00:05:00,SOLUSDT,8388414.16,1248783215.9992,2.81499305,2.14518,2.53119943,1.257462
2025-07-08 00:10:00,SOLUSDT,8385023.06,1248529933.634,2.81504434,2.140499,2.53333333,1.172697
2025-07-08 00:15:00,SOLUSDT,8391498.14,1252115083.8965902,2.82870023,2.129582,2.56234369,1.144241
2025-07-08 00:20:00,SOLUSDT,8397465.39,1250102441.6742532,2.82448062,2.125426,2.56652886,0.757882
2025-07-08 00:25:00,SOLUSDT,8408577.09,1252962072.1809,2.82386303,2.124806,2.56821314,0.672198
2025-07-08 00:30:00,SOLUSDT,8407056.42,1258069271.373228,2.81072993,2.114,2.56845497,2.234149
2025-07-08 00:35:00,SOLUSDT,8407161.69,1256289549.714014,2.80756491,2.112088,2.56681862,1.335051
2025-07-08 00:40:00,SOLUSDT,8413618.9,1258088434.117,2.80784021,2.110736,2.56801311,1.537943
2025-07-08 00:45:00,SOLUSDT,8414882.7,1261643363.211,2.80215789,2.11376,2.56894161,2.417281
2025-07-08 00:50:00,SOLUSDT,8412662.38,1256010493.334,2.8177525,2.100167,2.57871157,0.578119
2025-07-08 00:55:00,SOLUSDT,8405044.4,1254957179.364,2.80931976,2.108146,2.56951226,1.617558
2025-07-08 01:00:00,SOLUSDT,8405597.18,1253022371.6226,2.80895746,2.104012,2.56259311,0.947512
2025-07-08 01:05:00,SOLUSDT,8402667.19,1250064797.8563,2.80297517,2.100449,2.55365379,0.616049
2025-07-08 01:10:00,SOLUSDT,8399778.49,1250223030.4516,2.79724683,2.102043,2.54704349,1.670107
2025-07-08 01:15:00,SOLUSDT,8397084.38,1251648939.0264163,2.78998402,2.099029,2.53821039,2.185879
2025-07-08 01:20:00,SOLUSDT,8396113.95,1249257794.6205,2.78960264,2.097346,2.53508638,0.908447
2025-07-08 01:25:00,SOLUSDT,8399543.23,1250020023.4886,2.78614746,2.098116,2.53395439,0.9398
2025-07-08 01:30:00,SOLUSDT,8400592.74,1249979073.9329052,2.78337585,2.097593,2.53272644,0.947521
2025-07-08 01:35:00,SOLUSDT,8392745.24,1250796222.2499747,2.78346791,2.097355,2.52536177,0.594249
2025-07-08 01:40:00,SOLUSDT,8397192.73,1251601576.4065,2.78204992,2.095245,2.52684734,0.946277
2025-07-08 01:45:00,SOLUSDT,8402190.52,1250554229.5271645,2.78023145,2.092283,2.52439395,0.666597
2025-07-08 01:50:00,SOLUSDT,8408931.34,1254108020.0476,2.77421064,2.090427,2.51444444,1.947282
2025-07-08 01:55:00,SOLUSDT,8408610.46,1252882958.54,2.77381079,2.090891,2.51231453,1.261327
2025-07-08 02:00:00,SOLUSDT,8407382.6,1249925571.142,2.77865025,2.089129,2.51388048,0.530954
2025-07-08 02:05:00,SOLUSDT,8411535.77,1250122446.1374,2.76899471,2.083955,2.50065412,0.6889
2025-07-08 02:10:00,SOLUSDT,8411909.71,1249084472.8379,2.76748122,2.08327,2.49816574,0.981851
2025-07-08 02:15:00,SOLUSDT,8416841.43,1249900952.355,2.77388265,2.078553,2.49660412,0.504922
2025-07-08 02:20:00,SOLUSDT,8418060.21,1252450820.2833784,2.77003595,2.082689,2.49678295,1.298933
2025-07-08 02:25:00,SOLUSDT,8417132.66,1254994479.606,2.76676878,2.081111,2.50959263,1.438097
2025-07-08 02:30:00,SOLUSDT,8417957.92,1254003586.3393023,2.77382465,2.080697,2.51502016,1.351344
2025-07-08 02:35:00,SOLUSDT,8430482.25,1251167870.7225,2.79022836,2.06942,2.52910829,0.524853
2025-07-08 02:40:00,SOLUSDT,8434863.47,1251193352.7562523,2.69138338,2.062352,2.53373146,1.213076
2025-07-08 02:45:00,SOLUSDT,8440539.56,1250803557.3964,2.68421053,2.061417,2.52886171,1.101071
2025-07-08 02:50:00,SOLUSDT,8441646.01,1247943994.9226232,2.70238585,2.06373,2.54191845,0.446687
2025-07-08 02:55:00,SOLUSDT,8447290.62,1250452430.4786,2.70877988,2.060771,2.54740854,1.162363
2025-07-08 03:00:00,SOLUSDT,8449404.76,1249751458.0516,2.71169687,2.059543,2.55430693,0.77
2025-07-08 03:05:00,SOLUSDT,8454729.35,1252145416.735,2.720611,2.057369,2.55799054,1.243631
2025-07-08 03:10:00,SOLUSDT,8454755.08,1253248345.5084,2.72656815,2.052612,2.56671932,1.149274
2025-07-08 03:15:00,SOLUSDT,8454814.04,1254102566.5532,2.73150543,2.052704,2.56741888,1.727282
2025-07-08 03:20:00,SOLUSDT,8453177.69,1254620632.7498,2.73012098,2.053442,2.56897606,1.705827
2025-07-08 03:25:00,SOLUSDT,8448240.07,1256265370.521648,2.72374264,2.056283,2.56872835,2.704816
2025-07-08 03:30:00,SOLUSDT,8446914.96,1255758200.6807716,2.72365702,2.055776,2.57027785,0.735166
2025-07-08 03:35:00,SOLUSDT,8449065.27,1256560688.105863,2.7159934,2.05637,2.56684655,1.48133
2025-07-08 03:40:00,SOLUSDT,8448268.26,1256469867.898481,2.71187661,2.05752,2.56464246,1.015745
2025-07-08 03:45:00,SOLUSDT,8441616.85,1256028171.1115,2.70882564,2.066766,2.56476868,2.197406
2025-07-08 03:50:00,SOLUSDT,8438409.2,1254361729.4772902,2.71094875,2.068669,2.56378601,0.725811
2025-07-08 03:55:00,SOLUSDT,8439360.9,1255669603.5479429,2.70916007,2.067543,2.56466108,2.07835
2025-07-08 04:00:00,SOLUSDT,8438575.64,1253773374.7768598,2.70677618,2.06841,2.56409215,0.758458
2025-07-08 04:05:00,SOLUSDT,8431575.58,1250402658.514,2.70653514,2.071945,2.56311567,0.63325
2025-07-08 04:10:00,SOLUSDT,8430064.01,1250684296.5236,2.70361248,2.074912,2.55854486,0.807967
2025-07-08 04:15:00,SOLUSDT,8432713.16,1251063935.6302617,2.70085032,2.072981,2.560679,1.321851
2025-07-08 04:20:00,SOLUSDT,8432491.78,1250429844.2501478,2.70016407,2.071895,2.55848694,0.987595
2025-07-08 04:25:00,SOLUSDT,8435541.15,1251665595.837,2.70248103,2.071487,2.55962327,1.260265
2025-07-08 04:30:00,SOLUSDT,8436460.51,1252324305.0791702,2.70161042,2.070695,2.56506971,0.598309
2025-07-08 04:35:00,SOLUSDT,8431641.01,1254543865.8779,2.70360111,2.070678,2.57003605,0.984994
2025-07-08 04:40:00,SOLUSDT,8436083.81,1255289270.928,2.70299364,2.07252,2.57345996,1.609641
2025-07-08 04:45:00,SOLUSDT,8436040.56,1255788997.7616,2.7039089,2.071964,2.5742001,1.191722
2025-07-08 04:50:00,SOLUSDT,8437505.37,1255291674.7260292,2.70456644,2.072182,2.57667496,1.176034
2025-07-08 04:55:00,SOLUSDT,8441374.62,1257258335.9028,2.70053311,2.071862,2.57650703,1.987294
2025-07-08 05:00:00,SOLUSDT,8444964.36,1257961891.0656,2.69766489,2.070271,2.57857324,1.365043
2025-07-08 05:05:00,SOLUSDT,8443839.82,1256443365.216,2.69647974,2.070044,2.58160313,0.88373
2025-07-08 05:10:00,SOLUSDT,8444505.78,1256006259.8716028,2.69632812,2.069512,2.58381972,0.841926
2025-07-08 05:15:00,SOLUSDT,8444900.89,1255250068.2896,2.70277749,2.069639,2.58530517,0.587422
2025-07-08 05:20:00,SOLUSDT,8446541.86,1254830672.9420333,2.70222359,2.068681,2.58703158,0.507312
2025-07-08 05:25:00,SOLUSDT,8437791.47,1256331393.8851233,2.71070732,2.068751,2.59616558,0.818593
2025-07-08 05:30:00,SOLUSDT,8443262.09,1258214916.6518,2.70796188,2.066521,2.5942802,1.587957
2025-07-08 05:35:00,SOLUSDT,8439990.62,1256327703.7667906,2.71623844,2.065565,2.60244213,0.419561
2025-07-08 05:40:00,SOLUSDT,8440432.39,1256695978.5471,2.71501952,2.063373,2.60012198,0.882576
2025-07-08 05:45:00,SOLUSDT,8442228.74,1259592628.50772,2.71197046,2.06193,2.60641385,2.486743
2025-07-08 05:50:00,SOLUSDT,8444465.52,1260578360.9481297,2.71803312,2.061391,2.6182598,1.143802
2025-07-08 05:55:00,SOLUSDT,8450050.84,1259864184.39599,2.71645934,2.063205,2.61772811,0.70627
2025-07-08 06:00:00,SOLUSDT,8449755.92,1260534588.1456,2.71289363,2.063471,2.61738909,1.394686
2025-07-08 06:05:00,SOLUSDT,8451689.23,1263065099.031946,2.70825218,2.057417,2.62434214,1.844492
2025-07-08 06:10:00,SOLUSDT,8450728.28,1261607890.635712,2.71528348,2.055269,2.63136613,0.555273
2025-07-08 06:15:00,SOLUSDT,8452508.68,1263142897.1392,2.70426142,2.054809,2.62026027,1.605907
2025-07-08 06:20:00,SOLUSDT,8449813.66,1260147876.5062337,2.70709453,2.058704,2.62099408,0.731074
2025-07-08 06:25:00,SOLUSDT,8452282.22,1260765993.3228843,2.69629176,2.056901,2.60931699,1.205249
2025-07-08 06:30:00,SOLUSDT,8457686.9,1261112717.791181,2.69250408,2.053878,2.59710807,0.844207
2025-07-08 06:35:00,SOLUSDT,8458934.41,1262242192.6602,2.69103533,2.054772,2.5972814,1.801057
2025-07-08 06:40:00,SOLUSDT,8458274.12,1261213254.0332,2.69044703,2.054381,2.59572312,0.669069
2025-07-08 06:45:00,SOLUSDT,8461220.57,1263429455.5124,2.68721973,2.057802,2.59379429,1.956613
2025-07-08 06:50:00,SOLUSDT,8465390.52,1265728441.013371,2.68648208,2.057649,2.60085206,0.903347
2025-07-08 06:55:00,SOLUSDT,8461569.48,1263148027.8617249,2.68716904,2.059214,2.60190727,0.772776
2025-07-08 07:00:00,SOLUSDT,8467648.37,1263201091.2937713,2.68410872,2.054639,2.60019258,1.22717
2025-07-08 07:05:00,SOLUSDT,8473003.49,1263555431.0270178,2.69185276,2.052586,2.6069109,0.471251
2025-07-08 07:10:00,SOLUSDT,8470145.46,1262367483.675789,2.68266396,2.056902,2.59574038,1.155365
2025-07-08 07:15:00,SOLUSDT,8469442.22,1261083353.1421082,2.68255743,2.056392,2.59274418,0.520941
2025-07-08 07:20:00,SOLUSDT,8465922.95,1260070942.4010446,2.67647059,2.05797,2.58634599,0.730609
2025-07-08 07:25:00,SOLUSDT,8464659.56,1261015195.676425,2.68006904,2.058008,2.59045505,1.844018
2025-07-08 07:30:00,SOLUSDT,8468331.29,1261696678.8971,2.68084027,2.057342,2.59104658,1.794724
2025-07-08 07:35:00,SOLUSDT,8468874.96,1264002320.0188563,2.68204451,2.057581,2.59087016,2.282768
2025-07-08 07:40:00,SOLUSDT,8472068.99,1263778531.2383,2.68296899,2.05652,2.59187787,0.492043
2025-07-08 07:45:00,SOLUSDT,8474333.5,1264256741.9690616,2.68232185,2.055282,2.58816425,1.532498
2025-07-08 07:50:00,SOLUSDT,8478858.86,1267284681.252974,2.67858594,2.055384,2.58748365,2.840327
2025-07-08 07:55:00,SOLUSDT,8474273.07,1266734338.5036,2.67390863,2.063089,2.58640298,1.315302
2025-07-08 08:00:00,SOLUSDT,8481061.37,1268586565.8612216,2.67055246,2.058554,2.58693245,0.871148
2025-07-08 08:05:00,SOLUSDT,8486190.61,1270637320.0353,2.40914663,2.054535,2.42308062,1.075403
2025-07-08 08:10:00,SOLUSDT,8477842.07,1270677248.866001,2.40625884,2.064392,2.42511193,0.603925
2025-07-08 08:15:00,SOLUSDT,8467701.94,1271277665.6704636,2.39405624,2.059966,2.42016523,2.086762
2025-07-08 08:20:00,SOLUSDT,8470992.93,1270648939.5,2.38647887,2.057422,2.41173919,0.975401
2025-07-08 08:25:00,SOLUSDT,8472875.75,1271016091.2575,2.38239159,2.055818,2.40254685,0.86662
2025-07-08 08:30:00,SOLUSDT,8461161.67,1268243522.7163,2.38288288,2.058446,2.40435451,0.665625
2025-07-08 08:35:00,SOLUSDT,8457870.57,1266616538.607116,2.37962356,2.05886,2.39509485,1.015062
2025-07-08 08:40:00,SOLUSDT,8450692.83,1264139140.4397,2.37196034,2.056799,2.38150731,0.483122
2025-07-08 08:45:00,SOLUSDT,8449846.81,1263928085.8398,2.37052986,2.055966,2.3744401,0.544477
2025-07-08 08:50:00,SOLUSDT,8456761.92,1266574724.748726,2.36243238,2.051132,2.36729363,1.897853
2025-07-08 08:55:00,SOLUSDT,8460078.35,1267742740.7475,2.35871893,2.049766,2.36268423,0.975378
2025-07-08 09:00:00,SOLUSDT,8465108.1,1268157844.461,2.35687698,2.046231,2.35995266,0.775785
2025-07-08 09:05:00,SOLUSDT,8467690.62,1268121347.2512,2.35407366,2.046756,2.35141643,0.673636
2025-07-08 09:10:00,SOLUSDT,8468420.25,1270404983.8052833,2.35093919,2.042404,2.35351627,1.648435
2025-07-08 09:15:00,SOLUSDT,8471393.14,1272168543.751081,2.34760004,2.041104,2.35447937,2.048604
2025-07-08 09:20:00,SOLUSDT,8473933.61,1272126671.1873264,2.3611757,2.045378,2.38390533,1.051825
2025-07-08 09:25:00,SOLUSDT,8470063.74,1271370795.5564718,2.3611757,2.043123,2.3793299,0.594305
2025-07-08 09:30:00,SOLUSDT,8474028.17,1273985395.0778,2.35898151,2.043693,2.37738432,2.107804
2025-07-08 09:35:00,SOLUSDT,8469982.36,1271598451.7068,2.36127893,2.04226,2.38133913,0.565564
2025-07-08 09:40:00,SOLUSDT,8475658.97,1272949452.1683106,2.3569639,2.042377,2.378595,2.293506
2025-07-08 09:45:00,SOLUSDT,8479793.75,1276039363.5,2.35716939,2.043038,2.38053432,2.351399
2025-07-08 09:50:00,SOLUSDT,8479769.03,1275357262.112,2.35608171,2.042139,2.3775693,0.745446
2025-07-08 09:55:00,SOLUSDT,8475039.19,1273672569.4014332,2.35810497,2.041139,2.37946808,0.486582
2025-07-08 10:00:00,SOLUSDT,8478576.58,1272719799.807421,2.35920074,2.040674,2.37775159,0.511102
2025-07-08 10:05:00,SOLUSDT,8480646.89,1274163979.1632652,2.35654596,2.040917,2.3757239,1.432547
2025-07-08 10:10:00,SOLUSDT,8479716.69,1276054541.87746,2.35586297,2.042269,2.37637699,1.987285
2025-07-08 10:15:00,SOLUSDT,8455039.97,1271722561.8877,2.36240112,2.028985,2.39197575,0.453985
2025-07-08 10:20:00,SOLUSDT,8463937.04,1274076442.6312,2.18493452,2.022681,2.23392865,0.970957
2025-07-08 10:25:00,SOLUSDT,8445996.49,1274963025.6404967,2.15873294,2.030613,2.20962461,1.592211
2025-07-08 10:30:00,SOLUSDT,8447341.41,1274281451.6985,2.14982123,2.029809,2.19729259,0.471715
2025-07-08 10:35:00,SOLUSDT,8451098.58,1276876484.4522,2.1458551,2.028625,2.19225456,2.04396
2025-07-08 10:40:00,SOLUSDT,8447687.66,1276952466.6856,2.14356608,2.032099,2.19699134,1.242784
2025-07-08 10:45:00,SOLUSDT,8436581.2,1275647776.56822,2.15276927,2.016918,2.2023463,0.435806
2025-07-08 10:50:00,SOLUSDT,8417293.74,1270337971.2408,2.15519958,2.001464,2.19652353,0.461432
2025-07-08 10:55:00,SOLUSDT,8416699.66,1270253244.5365329,2.15017899,2.005442,2.18453599,1.057433
2025-07-08 11:00:00,SOLUSDT,8422429.04,1271894318.7396653,2.14814491,2.000965,2.18248856,1.015688
2025-07-08 11:05:00,SOLUSDT,8420168.82,1272792718.8312,2.14913123,2.005078,2.1803577,0.970936
2025-07-08 11:10:00,SOLUSDT,8415521.03,1270848042.717934,2.14881732,2.011852,2.18504515,1.085567
2025-07-08 11:15:00,SOLUSDT,8416931.35,1272524279.907038,2.14038896,2.010285,2.17444022,1.159695
2025-07-08 11:20:00,SOLUSDT,8415910.34,1271391575.0638,2.13791906,2.011092,2.1694361,0.656463
2025-07-08 11:25:00,SOLUSDT,8416985.04,1272816477.7488,2.13413153,2.012334,2.16598279,1.485466
2025-07-08 11:30:00,SOLUSDT,8411901.05,1272155821.3585649,2.12968899,2.011212,2.16089523,0.868223
2025-07-08 11:35:00,SOLUSDT,8406172.41,1271517638.7366,2.12271902,2.008567,2.15318999,0.940775
2025-07-08 11:40:00,SOLUSDT,8398646.77,1270295323.9625,2.12126979,2.008071,2.15237844,0.729499
2025-07-08 11:45:00,SOLUSDT,8396730.5,1271511688.5200844,2.11304949,2.004374,2.14618393,1.452637
2025-07-08 11:50:00,SOLUSDT,8396046.71,1270586998.1737316,2.10931698,2.003549,2.13842712,0.682137
2025-07-08 11:55:00,SOLUSDT,8397676.31,1270064565.1244,2.10362069,2.002847,2.12719164,0.54815
2025-07-08 12:00:00,SOLUSDT,8396878.16,1269610205.9036198,2.09809827,2.001289,2.11938931,0.289006
2025-07-08 12:05:00,SOLUSDT,8395203.63,1271453589.7635,2.09565965,2.000555,2.11485252,0.819754
2025-07-08 12:10:00,SOLUSDT,8412754.51,1275794221.4415,2.08624829,2.010234,2.10445688,0.962086
2025-07-08 12:15:00,SOLUSDT,8415079.81,1277072511.9656,2.08647907,2.012348,2.10502085,0.731668
2025-07-08 12:20:00,SOLUSDT,8414680.96,1274740018.6304,2.08104172,2.011873,2.09650301,0.424517
2025-07-08 12:25:00,SOLUSDT,8413225.67,1274014763.2081,2.06914803,2.012893,2.08191627,0.585674
2025-07-08 12:30:00,SOLUSDT,8415133.74,1274425396.8632677,2.03213087,2.010914,2.00041485,0.694952
2025-07-08 12:35:00,SOLUSDT,8414589.19,1278428535.6367,2.02018425,2.017291,1.98610247,1.435891
2025-07-08 12:40:00,SOLUSDT,8444219.98,1279299326.97,2.01994659,2.026201,1.98344987,0.400361
2025-07-08 12:45:00,SOLUSDT,8467531.95,1285032648.732,2.01876094,2.025525,1.98042859,1.284657
2025-07-08 12:50:00,SOLUSDT,8510282.85,1294669695.742457,2.00481808,2.002381,1.96049494,1.452776
2025-07-08 12:55:00,SOLUSDT,8515749.4,1296414162.0248177,1.99751058,2.003522,1.95139827,1.099696
2025-07-08 13:00:00,SOLUSDT,8513983.61,1297105402.9835,1.98999007,2.006818,1.94486676,0.998552
2025-07-08 13:05:00,SOLUSDT,8527768.56,1298438040.9456,1.98250536,2.006887,1.92760915,0.977747
2025-07-08 13:10:00,SOLUSDT,8526660.02,1296393389.4408,1.97512561,2.006629,1.91377778,0.621322
2025-07-08 13:15:00,SOLUSDT,8527850.78,1296233318.56,1.96721716,2.009587,1.90168878,0.871809
2025-07-08 13:20:00,SOLUSDT,8524697.37,1296009741.1611,1.9605479,2.009375,1.8885863,0.671498
2025-07-08 13:25:00,SOLUSDT,8528742.69,1298330499.6987,1.95865739,2.005329,1.88440946,1.379192
2025-07-08 13:30:00,SOLUSDT,8527611.65,1296225074.48223,1.95499918,2.002046,1.87833745,0.683606
2025-07-08 13:35:00,SOLUSDT,8531904.55,1293095453.598,1.94981991,2.012704,1.85852729,0.309604
2025-07-08 13:40:00,SOLUSDT,8497028.08,1288268337.063491,1.93114433,2.038965,1.83463043,1.312519
2025-07-08 13:45:00,SOLUSDT,8495450.3,1293602217.181,1.950078,2.044539,1.83750592,2.027941
2025-07-08 13:50:00,SOLUSDT,8532429.52,1298635772.944,1.94391604,2.037937,1.8468755,1.11957
2025-07-08 13:55:00,SOLUSDT,8535898.36,1298054063.6052,1.93209675,2.038836,1.82906523,1.06825
2025-07-08 14:00:00,SOLUSDT,8530594.6,1296232084.4794972,1.93563143,2.039272,1.82865135,0.532206
2025-07-08 14:05:00,SOLUSDT,8524155.84,1291750575.9936,1.93572655,2.046975,1.81642588,0.625831
2025-07-08 14:10:00,SOLUSDT,8512668.56,1289019453.5576017,1.93717749,2.04062,1.80644782,0.853228
2025-07-08 14:15:00,SOLUSDT,8505663.82,1287390602.373687,1.93416851,2.052868,1.79532575,1.076573
2025-07-08 14:20:00,SOLUSDT,8509862.2,1286350770.152,2.01112985,2.056023,1.88162473,0.736244
2025-07-08 14:25:00,SOLUSDT,8498247.5,1282372420.167157,2.01345519,2.054969,1.87236885,1.025921
2025-07-08 14:30:00,SOLUSDT,8493308.42,1284188233.104,2.20717634,2.055614,1.97476843,0.798169
2025-07-08 14:35:00,SOLUSDT,8481397.26,1283998731.1914,2.20912616,2.054664,1.97619247,2.006935
2025-07-08 14:40:00,SOLUSDT,8483874.88,1283949624.3392,2.21321673,2.057952,1.9833795,1.220421
2025-07-08 14:45:00,SOLUSDT,8487170.86,1284193822.8266,2.21449197,2.051346,1.98497881,0.639387
2025-07-08 14:50:00,SOLUSDT,8482911.44,1282785867.9568,2.21342233,2.052236,1.97853017,1.161826
2025-07-08 14:55:00,SOLUSDT,8467441.6,1276382146.784,2.22836867,2.057055,1.98643582,0.816471
2025-07-08 15:00:00,SOLUSDT,8478259.91,1278144315.677222,2.23294418,2.054635,1.98293156,0.905127
2025-07-08 15:05:00,SOLUSDT,8482682.2,1280036743.98,2.23733917,2.052037,1.98795028,1.092272
2025-07-08 15:10:00,SOLUSDT,8471750.2,1276692755.14,2.24125651,2.043505,1.99379747,0.445209
2025-07-08 15:15:00,SOLUSDT,8471747.11,1276268702.1215,2.23920387,2.046053,1.99056047,0.709331
2025-07-08 15:20:00,SOLUSDT,8468230.25,1274892064.1375,2.24453589,2.043678,1.99451962,1.93928
2025-07-08 15:25:00,SOLUSDT,8459456.91,1273063670.3859,2.24681747,2.04431,1.98791681,0.927014
2025-07-08 15:30:00,SOLUSDT,8463186.83,1271593821.2075,2.2764047,2.039359,2.0254949,0.465281
2025-07-08 15:35:00,SOLUSDT,8474691.62,1271118996.0838,2.30380338,2.04816,2.0458012,0.709456
2025-07-08 15:40:00,SOLUSDT,8485963.72,1275779785.6648,2.31306242,2.055246,2.06039171,1.549862
2025-07-08 15:45:00,SOLUSDT,8487971.18,1274553752.3888,2.31551005,2.055815,2.06389183,1.507221
2025-07-08 15:50:00,SOLUSDT,8497338.09,1275150044.0595193,2.31645689,2.058591,2.0806595,0.665459
2025-07-08 15:55:00,SOLUSDT,8498947.84,1274446229.3977354,2.32169623,2.057324,2.0840706,0.645492
2025-07-08 16:00:00,SOLUSDT,8487985.43,1271330457.7054,2.11941895,2.058796,1.97008455,0.637961
2025-07-08 16:05:00,SOLUSDT,8506629.59,1277100300.3467,2.12617198,2.070895,1.98034662,1.71087
2025-07-08 16:10:00,SOLUSDT,8499777.83,1273096723.3774,2.13249352,2.06969,1.97785488,1.201858
2025-07-08 16:15:00,SOLUSDT,8506290.37,1271607712.7554631,2.13826453,2.081302,1.97452065,0.560388
2025-07-08 16:20:00,SOLUSDT,8496892.18,1272154697.1896,2.13977821,2.080539,1.97659766,1.222004
2025-07-08 16:25:00,SOLUSDT,8491229.77,1275722360.6448,2.15226189,2.088469,1.99727991,1.645254
2025-07-08 16:30:00,SOLUSDT,8490097.4,1275926407.3354945,2.16570397,2.090071,2.01773527,2.112848
2025-07-08 16:35:00,SOLUSDT,8485618.42,1273521612.4736,2.17382265,2.094006,2.03173358,1.095213
2025-07-08 16:40:00,SOLUSDT,8478348.93,1272345823.9251,2.17377168,2.092933,2.03230863,0.686089
2025-07-08 16:45:00,SOLUSDT,8473883.78,1272708318.8035429,2.17701357,2.091796,2.04035601,1.741798
2025-07-08 16:50:00,SOLUSDT,8469454.24,1271942637.7632,2.17733321,2.095456,2.03875327,1.559928
2025-07-08 16:55:00,SOLUSDT,8468910.81,1273470118.4997,2.17831915,2.092069,2.04329042,1.12427
2025-07-08 17:00:00,SOLUSDT,8469863.31,1274375633.6226,2.1854004,2.093976,2.0541333,1.139104
2025-07-08 17:05:00,SOLUSDT,8461384.29,1274003496.7166543,2.1896536,2.093275,2.07064572,1.540851
2025-07-08 17:10:00,SOLUSDT,8446830.58,1276147164.0264,2.1970943,2.091674,2.09926323,1.620361
2025-07-08 17:15:00,SOLUSDT,8439482.52,1278497206.9548,2.17818545,2.118333,2.08914556,1.972212
2025-07-08 17:20:00,SOLUSDT,8426526.48,1276534496.4552,2.09652814,2.127568,2.00640585,0.84986
2025-07-08 17:25:00,SOLUSDT,8415470.1,1278136759.8926926,2.0883151,2.128897,1.99892819,0.771801
2025-07-08 17:30:00,SOLUSDT,8415732.17,1276414098.2239,2.07666812,2.128481,1.98548807,0.559772
2025-07-08 17:35:00,SOLUSDT,8408309.86,1275204273.3676,2.0704888,2.138786,1.97155389,1.462107
2025-07-08 17:40:00,SOLUSDT,8409645.64,1275799271.0019546,2.06355822,2.139097,1.96308867,0.900077
2025-07-08 17:45:00,SOLUSDT,8388478.43,1271590718.2611442,2.05837321,2.132208,1.95670042,0.332602
2025-07-08 17:50:00,SOLUSDT,8389073.98,1274552009.7814,2.05548802,2.135809,1.95141444,1.279897
2025-07-08 17:55:00,SOLUSDT,8398959.61,1277313777.4888,2.05054621,2.150529,1.94645949,1.78485
2025-07-08 18:00:00,SOLUSDT,8411217.01,1278434231.7083066,2.04787004,2.159142,1.931683,1.392057
2025-07-08 18:05:00,SOLUSDT,8409045.48,1276829465.6832,2.04554883,2.157048,1.92156536,0.575284
2025-07-08 18:10:00,SOLUSDT,8415704.07,1279355332.7214,2.0392309,2.158933,1.91442116,1.700095
2025-07-08 18:15:00,SOLUSDT,8415808.69,1279287078.9669,2.03886926,2.156019,1.91747775,0.611029
2025-07-08 18:20:00,SOLUSDT,8421362.73,1280299775.8419,2.02573561,2.156787,1.90683513,0.429086
2025-07-08 18:25:00,SOLUSDT,8423589.26,1281259794.821596,2.01760684,2.154722,1.90072329,0.741928
2025-07-08 18:30:00,SOLUSDT,8428760.23,1281508705.3692,2.01281394,2.156089,1.8913975,0.553508
2025-07-08 18:35:00,SOLUSDT,8432515.34,1282922883.8276,2.00818345,2.157763,1.88329773,0.485692
2025-07-08 18:40:00,SOLUSDT,8444661.78,1284723841.9951117,2.0011924,2.146505,1.87553789,2.124775
2025-07-08 18:45:00,SOLUSDT,8442922.79,1287224720.4003413,1.9856176,2.160331,1.86138412,1.809121
2025-07-08 18:50:00,SOLUSDT,8447201.73,1287000245.690572,2.06770099,2.161488,1.9047619,0.508974
2025-07-08 18:55:00,SOLUSDT,8449638.85,1290259852.395,2.05756218,2.162448,1.89609632,1.468382
2025-07-08 19:00:00,SOLUSDT,8471853.2,1293948944.375634,2.05848261,2.145998,1.89893772,1.877253
2025-07-08 19:05:00,SOLUSDT,8477370.02,1294494402.054,2.09680814,2.144022,1.91399677,1.093669
2025-07-08 19:10:00,SOLUSDT,8500414.93,1294103168.9432,2.09320032,2.152765,1.8982659,1.020117
2025-07-08 19:15:00,SOLUSDT,8514258.35,1296125548.6205,2.08793706,2.15563,1.89460027,1.313987
2025-07-08 19:20:00,SOLUSDT,8535427.51,1302740771.3450117,2.08577661,2.155841,1.88842347,3.138925
2025-07-08 19:25:00,SOLUSDT,8557355.53,1305938027.4333,2.09273205,2.148794,1.88772406,1.091328
2025-07-08 19:30:00,SOLUSDT,8569863.39,1304933098.3953,2.08754915,2.146015,1.88024271,0.761412
2025-07-08 19:35:00,SOLUSDT,8561669.33,1299120280.5080192,2.08835377,2.156477,1.86982515,0.621539
2025-07-08 19:40:00,SOLUSDT,8570000.54,1297840693.8374882,2.15680072,2.148147,1.92857747,0.484447
2025-07-08 19:45:00,SOLUSDT,8552978.9,1296289482.084,2.14986474,2.164863,1.91949564,2.072238
2025-07-08 19:50:00,SOLUSDT,8542503.98,1296794591.8451953,2.15349173,2.171116,1.9257522,2.295603
2025-07-08 19:55:00,SOLUSDT,8543856.78,1293539916.492,2.1595292,2.171529,1.92640162,0.712681
2025-07-08 20:00:00,SOLUSDT,8535401.86,1294153128.510543,2.15909913,2.170917,1.92131272,1.500122
2025-07-08 20:05:00,SOLUSDT,8533203.21,1291841633.9619,2.16420346,2.16336,1.92429622,0.882821
2025-07-08 20:10:00,SOLUSDT,8527800.38,1290597309.5092,2.1652308,2.162494,1.92568167,1.290685
2025-07-08 20:15:00,SOLUSDT,8538687.74,1289506592.9858394,2.17587117,2.161976,1.93365895,0.547537
2025-07-08 20:20:00,SOLUSDT,8542872.98,1287410958.086,2.19858612,2.163232,1.94817478,0.413777
2025-07-08 20:25:00,SOLUSDT,8540172.65,1290420087.415,2.20604218,2.170124,1.95826887,2.374675
2025-07-08 20:30:00,SOLUSDT,8541238.16,1291435209.792,2.20384509,2.17205,1.96511778,1.620536
2025-07-08 20:35:00,SOLUSDT,8538544.1,1287144069.9803324,2.20544919,2.172563,1.96691367,0.440124
2025-07-08 20:40:00,SOLUSDT,8539754.85,1287749650.781137,2.2086596,2.171765,1.96798656,1.83935
2025-07-08 20:45:00,SOLUSDT,8534180.48,1286783732.7744,2.21100664,2.177785,1.97264648,1.193486
2025-07-08 20:50:00,SOLUSDT,8530930.51,1283649113.8397,2.21973343,2.17853,1.97812622,0.644449
2025-07-08 20:55:00,SOLUSDT,8523727.89,1279874379.7969031,2.24004836,2.18008,1.99925751,0.644162
2025-07-08 21:00:00,SOLUSDT,8498364.28,1274155798.047302,2.26647887,2.182058,2.03183926,0.526757
2025-07-08 21:05:00,SOLUSDT,8490583.32,1274521462.1652,2.21787186,2.189318,2.01703992,0.990915
2025-07-08 21:10:00,SOLUSDT,8488098.11,1275506502.9897,2.22893377,2.19231,2.02814276,2.096208
2025-07-08 21:15:00,SOLUSDT,8473690.54,1274658370.7268298,2.22887721,2.194464,2.03525698,1.044798
2025-07-08 21:20:00,SOLUSDT,8470326.91,1273513650.9185,2.1323688,2.195653,1.98845636,0.433213
2025-07-08 21:25:00,SOLUSDT,8471772.49,1270638514.548473,2.13617557,2.196683,1.98819957,0.66167
2025-07-08 21:30:00,SOLUSDT,8468679.64,1272283277.1029592,2.14069809,2.193067,2.00074051,1.309659
2025-07-08 21:35:00,SOLUSDT,8463012.79,1272329342.8486,2.14653929,2.193601,2.00701892,1.643976
2025-07-08 21:40:00,SOLUSDT,8464624.25,1272910194.715,2.14778458,2.19644,2.01020364,1.542695
2025-07-08 21:45:00,SOLUSDT,8460846.21,1273505415.6909027,2.14878862,2.195547,2.01923665,1.916681
2025-07-08 21:50:00,SOLUSDT,8468337.98,1275997600.8550704,2.18048561,2.195394,2.05289386,2.895667
2025-07-08 21:55:00,SOLUSDT,8472534.42,1275347923.6581762,2.18474546,2.197986,2.0571591,1.884875
2025-07-08 22:00:00,SOLUSDT,8473517.77,1277304527.8429258,2.18339473,2.202084,2.05938731,1.816513
2025-07-08 22:05:00,SOLUSDT,8476716.35,1278288825.58,2.18352666,2.201525,2.06433493,1.384789
2025-07-08 22:10:00,SOLUSDT,8488462.84,1279975311.6436,2.17914199,2.205245,2.06162821,0.857943
2025-07-08 22:15:00,SOLUSDT,8488702.62,1279841694.0174,2.1802999,2.20391,2.06287018,0.949553
2025-07-08 22:20:00,SOLUSDT,8489546.88,1279884087.6288,2.18355228,2.203259,2.0652298,1.433341
2025-07-08 22:25:00,SOLUSDT,8487846.1,1280815976.49,2.18516518,2.204289,2.06757409,2.354195
2025-07-08 22:30:00,SOLUSDT,8486217.17,1280655033.1247,2.18543523,2.205376,2.07027336,1.153661
2025-07-08 22:35:00,SOLUSDT,8484606.75,1281854387.79,2.28458572,2.205005,2.12753767,1.594084
2025-07-08 22:40:00,SOLUSDT,8485228.21,1281314900.3132238,2.28253312,2.200917,2.12702349,1.352874
2025-07-08 22:45:00,SOLUSDT,8480090.96,1282020151.3328,2.27810096,2.207367,2.1253886,4.588159
2025-07-08 22:50:00,SOLUSDT,8472433.44,1282057342.1233177,2.33079168,2.21064,2.15491877,2.152102
2025-07-08 22:55:00,SOLUSDT,8480368.25,1282910108.86,2.3302942,2.209142,2.15527586,1.876799
2025-07-08 23:00:00,SOLUSDT,8481129.68,1284636712.6296,2.3287233,2.209792,2.15765705,3.522185
2025-07-08 23:05:00,SOLUSDT,8479654.64,1283819712.496,2.33440181,2.209599,2.16217928,0.934752
2025-07-08 23:10:00,SOLUSDT,8479785.69,1285049198.6257842,2.32985032,2.209989,2.16014106,1.45971
2025-07-08 23:15:00,SOLUSDT,8476323.64,1284736510.5284555,2.33342755,2.209731,2.16371041,0.891977
2025-07-08 23:20:00,SOLUSDT,8477951.86,1284324927.2714,2.33710407,2.211211,2.16173347,0.647226
2025-07-08 23:25:00,SOLUSDT,8478354.2,1283961960.048,2.3369473,2.214369,2.15957543,0.704391
2025-07-08 23:30:00,SOLUSDT,8478721.88,1283339343.7568,2.33298824,2.214782,2.1546899,0.722969
2025-07-08 23:35:00,SOLUSDT,8476563.49,1285337484.958158,2.32903772,2.214211,2.15020511,1.432392
2025-07-08 23:40:00,SOLUSDT,8474899.84,1285821196.7105396,2.32885212,2.215247,2.14819321,1.435217
2025-07-08 23:45:00,SOLUSDT,8468042.06,1284725190.513973,2.33408769,2.21556,2.15512103,0.476811
2025-07-08 23:50:00,SOLUSDT,8462246.72,1284274450.8235886,2.3309461,2.217776,2.15278029,0.95451
2025-07-08 23:55:00,SOLUSDT,8459923.5,1283294222.2218022,2.3300358,2.217676,2.15289816,0.722304
2025-07-09 00:00:00,SOLUSDT,8457434.84,1281977973.0472,2.33019135,2.217931,2.15217293,0.506318
