create_time,symbol,sum_open_interest,sum_open_interest_value,count_toptrader_long_short_ratio,sum_toptrader_long_short_ratio,count_long_short_ratio,sum_taker_long_short_vol_ratio
2024-06-16 00:05:00,SOLUSDT,4585688.0,666084580.0963434,3.39309838,1.723292,3.81110995,0.586168
2024-06-16 00:10:00,SOLUSDT,4586117.0,666885617.438,3.38065271,1.723016,3.77720261,0.579054
2024-06-16 00:15:00,SOLUSDT,4597103.0,667903900.664,3.38224956,1.723066,3.71648909,0.845007
2024-06-16 00:20:00,SOLUSDT,4584724.0,666469686.4863609,3.38788679,1.72294,3.78126619,0.856374
2024-06-16 00:25:00,SOLUSDT,4596085.0,667803185.7604601,3.39107457,1.723547,3.72370694,1.073837
2024-06-16 00:30:00,SOLUSDT,4595282.0,667216565.272,3.39570778,1.72454,3.78378098,0.580297
2024-06-16 00:35:00,SOLUSDT,4596235.0,667134317.78,3.43052663,1.723362,3.72631151,0.600965
2024-06-16 00:40:00,SOLUSDT,4585362.0,665207363.6934972,3.40250184,1.721665,3.78469197,0.351244
2024-06-16 00:45:02,SOLUSDT,4585400.0,665311798.132666,3.39791269,1.720476,3.77540882,0.817585
2024-06-16 00:50:00,SOLUSDT,4595863.0,666562441.9462044,3.39283091,1.720065,3.76962863,1.033076
2024-06-16 00:55:00,SOLUSDT,4584456.0,663728370.768,3.43521694,1.723638,3.71276272,0.774131
2024-06-16 01:00:00,SOLUSDT,4582667.0,662726970.872,3.39832131,1.721666,3.70378258,0.800689
2024-06-16 01:05:00,SOLUSDT,4596049.0,663415538.0557679,3.39082488,1.726463,3.76478495,0.98981
2024-06-16 01:10:00,SOLUSDT,4582545.0,663149252.04,3.52838562,1.724212,3.87064465,1.222156
2024-06-16 01:15:00,SOLUSDT,4592149.0,665378587.5222453,3.55871503,1.727616,3.90824311,0.945366
2024-06-16 01:20:00,SOLUSDT,4592582.0,665776401.0257746,3.58263825,1.722981,3.93173988,0.735611
2024-06-16 01:25:00,SOLUSDT,4594612.0,665713332.68,3.57682814,1.722007,3.85600084,1.246428
2024-06-16 01:30:00,SOLUSDT,4586835.0,663916845.24,3.56951501,1.721373,3.84394337,0.94086
2024-06-16 01:35:00,SOLUSDT,4585054.0,663562770.042,3.56727217,1.724992,3.91164486,1.013562
2024-06-16 01:40:00,SOLUSDT,4596622.0,664571218.3619986,3.56452853,1.72129,3.90861367,1.439213
2024-06-16 01:45:02,SOLUSDT,4596831.0,664554664.008,3.56905312,1.721281,3.91315536,0.845789
2024-06-16 01:50:00,SOLUSDT,4587233.0,662355160.103,3.57274969,1.725236,3.91346772,0.769162
2024-06-16 01:55:00,SOLUSDT,4599530.0,665343563.8499936,3.57459926,1.722136,3.92367969,1.967482
2024-06-16 02:00:00,SOLUSDT,4588821.0,663681181.23,3.58159642,1.725292,3.86512362,0.873274
2024-06-16 02:05:00,SOLUSDT,4589259.0,662839953.8209313,3.50348908,1.721379,3.79363928,0.585331
2024-06-16 02:10:00,SOLUSDT,4589213.0,662503377.893,3.61358456,1.725381,3.88630794,1.433907
2024-06-16 02:15:00,SOLUSDT,4590237.0,662799670.8251612,3.61208991,1.731119,3.81966017,1.457741
2024-06-16 02:20:00,SOLUSDT,4601324.0,664343760.444,3.61166819,1.730852,3.89012043,0.915762
2024-06-16 02:25:00,SOLUSDT,4589888.0,662949926.0166394,3.65936777,1.726147,3.89556219,0.876834
2024-06-16 02:30:00,SOLUSDT,4602277.0,664587207.908,3.61793313,1.725528,3.90686746,0.968009
2024-06-16 02:35:00,SOLUSDT,4602234.0,664734479.1740234,3.6189029,1.725434,3.90465017,1.052408
2024-06-16 02:40:00,SOLUSDT,4590115.0,663514893.595,3.61469561,1.725324,3.90364528,1.668426
2024-06-16 02:45:00,SOLUSDT,4600675.0,664919734.8324995,3.62201612,1.725209,3.84237996,1.331927
2024-06-16 02:50:00,SOLUSDT,4598907.0,663553296.495,3.62528526,1.724245,3.9170315,0.510201
2024-06-16 02:55:00,SOLUSDT,4591961.0,662761324.6609198,3.60684537,1.722391,3.89472007,2.584977
2024-06-16 03:00:01,SOLUSDT,4592269.0,662352182.8658899,3.56476606,1.722157,3.8015947,1.265268
2024-06-16 03:05:00,SOLUSDT,4604210.0,664986050.3,3.52066607,1.721719,3.82650602,1.208752
2024-06-16 03:10:00,SOLUSDT,4603313.0,664343786.1707976,3.53108692,1.721838,3.83742911,0.862102
2024-06-16 03:15:00,SOLUSDT,4604001.0,664096173.6877531,3.52111838,1.721414,3.82246415,1.393832
2024-06-16 03:20:00,SOLUSDT,4592669.0,663161201.0920427,3.50525692,1.721725,3.74948875,1.655288
2024-06-16 03:25:00,SOLUSDT,4603593.0,664926356.9876413,3.4947555,1.722768,3.7918961,2.379639
2024-06-16 03:30:00,SOLUSDT,4594080.0,662356437.8424048,3.52042787,1.729343,3.75898434,0.228905
2024-06-16 03:35:00,SOLUSDT,4607314.0,663775727.98,3.52058867,1.725808,3.8098768,0.621286
2024-06-16 03:40:00,SOLUSDT,4599556.0,662786820.488,3.53489412,1.732663,3.83058848,0.52709
2024-06-16 03:45:00,SOLUSDT,4588867.0,660656593.1347933,3.52760828,1.728213,3.82368338,0.832334
2024-06-16 03:50:00,SOLUSDT,4599070.0,662448389.7562699,3.51602374,1.728074,3.81805831,1.08152
2024-06-16 03:55:00,SOLUSDT,4587611.0,661207785.819,3.51847455,1.728617,3.82191781,1.14732
2024-06-16 04:00:01,SOLUSDT,4599652.0,662152102.964,3.51824926,1.728793,3.82468619,0.627142
2024-06-16 04:05:00,SOLUSDT,4587948.0,660329779.4889526,3.51631079,1.728509,3.76406106,1.214123
2024-06-16 04:10:00,SOLUSDT,4586190.0,658835281.5476607,3.48570587,1.731143,3.78223377,1.165666
2024-06-16 04:15:00,SOLUSDT,4588440.0,659464362.12,3.49181295,1.728193,3.79977069,0.71154
2024-06-16 04:20:00,SOLUSDT,4601421.0,661279737.955811,3.48285504,1.728789,3.78701299,1.909367
2024-06-16 04:25:00,SOLUSDT,4604826.0,659758332.2997913,3.45728938,1.730272,3.75383023,0.774296
2024-06-16 04:30:00,SOLUSDT,4606338.0,660183271.6152076,3.45962187,1.730154,3.70266152,1.035732
2024-06-16 04:35:00,SOLUSDT,4602658.0,659643739.244,3.48395171,1.73199,3.73696586,0.830498
2024-06-16 04:40:00,SOLUSDT,4602902.0,660152573.7764913,3.53272564,1.732139,3.82681213,1.117636
2024-06-16 04:45:00,SOLUSDT,4617516.0,663259709.9684762,3.50251331,1.732498,3.82728607,1.324062
2024-06-16 04:50:00,SOLUSDT,4619580.0,663182285.22,3.51140403,1.732578,3.83471595,0.888651
2024-06-16 04:55:00,SOLUSDT,4610781.0,660259228.419,3.54808268,1.727097,3.83952951,0.49183
2024-06-16 05:00:00,SOLUSDT,4624861.0,661974854.374,3.55191011,1.726437,3.7864798,0.968528
2024-06-16 05:05:00,SOLUSDT,4631233.0,663817782.055,3.53535203,1.723001,3.83349052,1.0908
2024-06-16 05:10:00,SOLUSDT,4635291.0,664955670.405,3.50516377,1.723191,3.83371728,2.206773
2024-06-16 05:15:00,SOLUSDT,4636293.0,664317739.4351068,3.49668874,1.723487,3.82536035,0.946573
2024-06-16 05:20:00,SOLUSDT,4625691.0,664155691.0397199,3.48670877,1.722873,3.8269954,2.069194
2024-06-16 05:25:00,SOLUSDT,4639708.0,666979329.4256061,3.51536292,1.722899,3.8354086,1.623084
2024-06-16 05:30:00,SOLUSDT,4640036.0,667352501.9715575,3.49411418,1.723517,3.79742401,1.201199
2024-06-16 05:35:00,SOLUSDT,4641460.0,669551908.2802788,3.44416946,1.725128,3.82530058,2.647849
2024-06-16 05:40:00,SOLUSDT,4630737.0,667866333.9253627,3.44061135,1.725423,3.82368311,0.644795
2024-06-16 05:45:00,SOLUSDT,4630398.0,667228556.4630468,3.44064591,1.726688,3.82509665,0.812912
2024-06-16 05:50:00,SOLUSDT,4641582.0,669770999.436,3.41526894,1.727104,3.77447028,1.939936
2024-06-16 05:55:00,SOLUSDT,4642155.0,670164706.575,3.43983645,1.725911,3.78246014,1.199651
2024-06-16 06:00:00,SOLUSDT,4630461.0,668495024.109,3.42705916,1.724771,3.79617901,0.376106
2024-06-16 06:05:01,SOLUSDT,4627112.0,668329256.7214407,3.44075691,1.726541,3.80480699,1.417616
2024-06-16 06:10:00,SOLUSDT,4624965.0,666896678.8348801,3.4425346,1.727464,3.80235098,0.489344
2024-06-16 06:15:00,SOLUSDT,4619062.0,666821647.506,3.45471808,1.73134,3.7640553,1.096934
2024-06-16 06:20:00,SOLUSDT,4617654.0,667028644.1198717,3.45002189,1.727935,3.75549422,0.902556
2024-06-16 06:25:00,SOLUSDT,4630155.0,668386025.025,3.45370911,1.727102,3.81789737,0.633412
2024-06-16 06:30:00,SOLUSDT,4618068.0,666593357.6909225,3.44439586,1.727654,3.75219522,1.301093
2024-06-16 06:35:01,SOLUSDT,4631151.0,668370241.5768071,3.44548105,1.726484,3.80447218,1.136132
2024-06-16 06:40:00,SOLUSDT,4620337.0,665998476.865,3.46363237,1.72574,3.81550969,0.403023
2024-06-16 06:45:00,SOLUSDT,4634848.0,670104316.6263766,3.42209016,1.724266,3.76675603,2.737533
2024-06-16 06:50:00,SOLUSDT,4631618.0,669433448.35037,3.43967399,1.731667,3.77924762,0.673121
2024-06-16 06:55:00,SOLUSDT,4629524.0,670651014.8828713,3.43511784,1.728243,3.74212618,1.429227
2024-06-16 07:00:00,SOLUSDT,4626515.0,669775950.035,3.46937574,1.727644,3.80843311,0.575224
2024-06-16 07:05:00,SOLUSDT,4626577.0,670048640.602,3.44426636,1.72812,3.75163265,1.185747
2024-06-16 07:10:00,SOLUSDT,4613107.0,669220508.0569484,3.43197674,1.729852,3.79650982,1.558911
2024-06-16 07:15:00,SOLUSDT,4627735.0,671222120.8579754,3.43965643,1.72973,3.793379,0.581701
2024-06-16 07:20:00,SOLUSDT,4625945.0,669804454.385,3.44901532,1.729699,3.79018876,0.454537
2024-06-16 07:25:00,SOLUSDT,4614330.0,668884048.14,3.42929733,1.729385,3.72993294,1.458225
2024-06-16 07:30:00,SOLUSDT,4616612.0,668498115.4989737,3.46611789,1.728046,3.78986634,0.686003
2024-06-16 07:35:00,SOLUSDT,4614652.0,667062486.8608403,3.43382246,1.728834,3.76817572,0.736049
2024-06-16 07:40:00,SOLUSDT,4626392.0,669064184.648,3.43490264,1.728942,3.76630603,1.084704
2024-06-16 07:45:00,SOLUSDT,4614665.0,667594356.22,3.4296909,1.734513,3.76278687,1.072396
2024-06-16 07:50:00,SOLUSDT,4626133.0,668462340.101,3.46904867,1.727734,3.77729618,0.382681
2024-06-16 07:55:00,SOLUSDT,4626474.0,668747563.752,3.44688912,1.727345,3.72823112,1.104446
2024-06-16 08:00:01,SOLUSDT,4625416.0,668071301.9483198,3.44846187,1.727853,3.77221192,0.583489
2024-06-16 08:05:00,SOLUSDT,4613713.0,666374121.6933458,3.4426325,1.72708,3.77161703,0.936014
2024-06-16 08:10:00,SOLUSDT,4611288.0,666404896.608,3.44056453,1.727171,3.76465748,2.019799
2024-06-16 08:15:00,SOLUSDT,4622805.0,667434643.3766286,3.44101818,1.727459,3.76253596,0.96228
2024-06-16 08:20:00,SOLUSDT,4623458.0,668734827.8803049,3.4369186,1.72616,3.768107,2.940411
2024-06-16 08:25:00,SOLUSDT,4621584.0,668387342.832,3.43735465,1.726825,3.76500206,0.929888
2024-06-16 08:30:00,SOLUSDT,4608926.0,665750142.848,3.44525335,1.726229,3.77610711,0.823956
2024-06-16 08:35:01,SOLUSDT,4608692.0,664937215.5803779,3.44965758,1.726108,3.7876161,0.405179
2024-06-16 08:40:00,SOLUSDT,4621155.0,666624714.525,3.47402502,1.726143,3.73396169,0.932898
2024-06-16 08:45:00,SOLUSDT,4610852.0,664904801.8564812,3.45296777,1.725104,3.78722526,0.356448
2024-06-16 08:50:00,SOLUSDT,4622458.0,665998816.0150682,3.44936617,1.725194,3.77680503,0.648562
2024-06-16 08:55:00,SOLUSDT,4621151.0,665107606.6640078,3.44475178,1.725184,3.77438962,0.782399
2024-06-16 09:00:00,SOLUSDT,4621681.0,666067422.358,3.4481352,1.72462,3.77742268,1.235149
2024-06-16 09:05:00,SOLUSDT,4606353.0,664459270.0846193,3.43701874,1.724331,3.76592684,1.599986
2024-06-16 09:10:00,SOLUSDT,4618623.0,665254081.3658577,3.44034297,1.724386,3.76906475,0.723622
2024-06-16 09:15:00,SOLUSDT,4621506.0,664996630.3419576,3.4633216,1.723368,3.76361208,0.643579
2024-06-16 09:20:00,SOLUSDT,4621248.0,666046502.6822841,3.45715541,1.723364,3.75563987,0.874576
2024-06-16 09:25:00,SOLUSDT,4620000.0,666481200.0,3.43325595,1.72291,3.71010987,1.612283
2024-06-16 09:30:00,SOLUSDT,4619701.0,667302656.6068889,3.42536232,1.724048,3.75438417,1.219656
2024-06-16 09:35:00,SOLUSDT,4605625.0,665724671.25,3.40288184,1.730391,3.7202278,2.031864
2024-06-16 09:40:00,SOLUSDT,4618875.0,666995949.6338887,3.40998989,1.724704,3.67797458,0.755288
2024-06-16 09:45:00,SOLUSDT,4619043.0,666714738.5379281,3.42751092,1.72461,3.71877223,1.136008
2024-06-16 09:50:00,SOLUSDT,4608026.0,666039470.014,3.41636548,1.724373,3.73491028,1.148384
2024-06-16 09:55:00,SOLUSDT,4611335.0,665858328.66,3.44218978,1.722085,3.73854942,0.662677
2024-06-16 10:00:01,SOLUSDT,4624376.0,669096339.064,3.40732728,1.721829,3.73321789,2.823769
2024-06-16 10:05:00,SOLUSDT,4623694.0,668817283.8350451,3.43383853,1.72207,3.74882437,1.060469
2024-06-16 10:10:00,SOLUSDT,4612750.0,666717467.05607,3.43667104,1.722146,3.74621986,0.775794
2024-06-16 10:15:00,SOLUSDT,4626093.0,667916045.1093116,3.42309362,1.720937,3.76358974,0.408589
2024-06-16 10:20:00,SOLUSDT,4612400.0,666833117.6,3.41454965,1.72208,3.75562833,0.696438
2024-06-16 10:25:00,SOLUSDT,4625716.0,668411336.284,3.41550007,1.720843,3.76203647,0.75736
2024-06-16 10:30:00,SOLUSDT,4628277.0,669230341.092,3.43424498,1.719212,3.75743941,2.522406
2024-06-16 10:35:00,SOLUSDT,4628185.0,669999201.525,3.39569275,1.720409,3.74233316,1.879776
2024-06-16 10:40:00,SOLUSDT,4614854.0,668586202.958,3.43226744,1.719528,3.75061224,0.896212
2024-06-16 10:45:00,SOLUSDT,4623253.0,671293380.8327751,3.42147204,1.72093,3.70323615,1.490025
2024-06-16 10:50:00,SOLUSDT,4627845.0,672371690.2761613,3.41691843,1.719465,3.77818627,0.816586
2024-06-16 10:55:00,SOLUSDT,4627871.0,673022474.7740289,3.44077614,1.726418,3.74681239,1.077252
2024-06-16 11:00:00,SOLUSDT,4616468.0,671100569.628,3.42650881,1.720987,3.71685597,1.350096
2024-06-16 11:05:00,SOLUSDT,4630874.0,672060737.9483305,3.43900319,1.719296,3.72280631,0.849172
2024-06-16 11:10:00,SOLUSDT,4619745.0,671221230.03,3.46431705,1.717601,3.72248031,1.294983
2024-06-16 11:15:00,SOLUSDT,4617183.0,671126017.782,3.42564251,1.72114,3.75841665,1.301991
2024-06-16 11:20:00,SOLUSDT,4627055.0,671468967.49,3.45339168,1.726507,3.70673077,0.44507
2024-06-16 11:25:00,SOLUSDT,4627639.0,671453961.8125298,3.41124856,1.721532,3.7219527,1.071458
2024-06-16 11:30:00,SOLUSDT,4625896.0,670713286.936,3.43106936,1.720455,3.73459668,0.412695
2024-06-16 11:35:00,SOLUSDT,4615967.0,670095141.5243889,3.42134102,1.718609,3.7201858,2.059019
2024-06-16 11:40:00,SOLUSDT,4616110.0,669728319.35,3.44863762,1.717963,3.67010412,0.64534
2024-06-16 11:45:00,SOLUSDT,4617498.0,669960457.9934765,3.56082997,1.719275,3.82583514,0.403019
2024-06-16 11:50:00,SOLUSDT,4631140.0,671719070.16,3.67388652,1.719748,3.8550067,0.833254
2024-06-16 11:55:00,SOLUSDT,4632176.0,671008393.0739154,3.68705091,1.719495,3.91950758,0.558045
2024-06-16 12:00:00,SOLUSDT,4631716.0,671422585.1515207,3.73279603,1.718987,3.8905974,0.65999
2024-06-16 12:05:00,SOLUSDT,4623128.0,671516490.2342824,3.66717348,1.716086,3.91131402,1.776216
2024-06-16 12:10:00,SOLUSDT,4623349.0,671304501.3467028,3.66535014,1.720214,3.91171228,0.702703
2024-06-16 12:15:00,SOLUSDT,4635720.0,672703236.36,3.65822209,1.713752,3.9030671,0.676195
2024-06-16 12:20:00,SOLUSDT,4635459.0,672824160.4547281,3.66428788,1.712314,3.9140281,0.518286
2024-06-16 12:25:00,SOLUSDT,4637944.0,673907177.032,3.69784946,1.710534,3.90868154,1.471411
2024-06-16 12:30:00,SOLUSDT,4627808.0,672086404.4654835,3.66545178,1.708425,3.91265186,0.934372
2024-06-16 12:35:00,SOLUSDT,4639087.0,673946556.6374551,3.67219097,1.708388,3.91495601,1.043822
2024-06-16 12:40:00,SOLUSDT,4624515.0,670324359.7707584,3.65673222,1.70827,3.90505008,0.5882
2024-06-16 12:45:00,SOLUSDT,4629750.0,670540581.75,3.665,1.708268,3.89664513,0.508251
2024-06-16 12:50:00,SOLUSDT,4628182.0,670703127.7956436,3.71367061,1.709202,3.90771479,0.907564
2024-06-16 12:55:00,SOLUSDT,4627115.0,670629458.083942,3.67846832,1.709739,3.91041036,1.720188
2024-06-16 13:00:00,SOLUSDT,4629951.0,671588282.403,3.66378919,1.713846,3.83971805,2.240372
2024-06-16 13:05:00,SOLUSDT,4631912.0,673165276.4771682,3.66884102,1.708317,3.90394243,1.332159
2024-06-16 13:10:00,SOLUSDT,4622222.0,672183324.4692702,3.66757576,1.713345,3.85446686,0.666012
2024-06-16 13:15:00,SOLUSDT,4634234.0,673886522.8886256,3.66636377,1.707535,3.85342522,1.0158
2024-06-16 13:20:00,SOLUSDT,4623603.0,672433702.305,3.67698377,1.707632,3.8552334,0.554365
2024-06-16 13:25:00,SOLUSDT,4639314.0,675247089.3990935,3.69778118,1.709268,3.84665914,1.689051
2024-06-16 13:30:00,SOLUSDT,4642964.0,676971520.6370465,3.68921389,1.705086,3.91530026,1.407656
2024-06-16 13:35:00,SOLUSDT,4634501.0,673719462.7587678,3.70430929,1.699373,3.93004503,0.668642
2024-06-16 13:40:00,SOLUSDT,4643358.0,675747889.74,3.68560548,1.69979,3.87507762,1.034222
2024-06-16 13:45:00,SOLUSDT,4643618.0,674987025.244,3.69116974,1.699014,3.87749819,1.006847
2024-06-16 13:50:00,SOLUSDT,4631604.0,673898382.0,3.67108067,1.698092,3.84817835,1.234086
2024-06-16 13:55:00,SOLUSDT,4632470.0,674473734.59,3.67621515,1.697935,3.85881258,1.098488
2024-06-16 14:00:00,SOLUSDT,4643070.0,676880673.81,3.66190982,1.704107,3.78575038,1.8903
2024-06-16 14:05:00,SOLUSDT,4643677.0,676653394.055,3.67087452,1.697492,3.84700185,0.832303
2024-06-16 14:10:00,SOLUSDT,4623457.0,676180586.25,3.22479224,1.696475,3.54672625,1.406942
2024-06-16 14:15:00,SOLUSDT,4623954.0,678535256.4073372,3.20734222,1.694991,3.58918387,1.203717
2024-06-16 14:20:00,SOLUSDT,4628270.0,677976759.22,3.20313359,1.696636,3.56413766,0.540128
2024-06-16 14:25:00,SOLUSDT,4634998.0,678711286.5096695,3.20982389,1.695535,3.52456495,0.679581
2024-06-16 14:30:00,SOLUSDT,4619328.0,675457924.1875046,3.21350793,1.688438,3.50766871,0.42553
2024-06-16 14:35:00,SOLUSDT,4612000.0,673681323.82632,3.20435142,1.687691,3.52727096,0.9469
2024-06-16 14:40:00,SOLUSDT,4611778.0,673983684.032,3.20609319,1.68434,3.52962891,0.885592
2024-06-16 14:45:00,SOLUSDT,4615670.0,675360218.73,3.20297439,1.687314,3.52998835,1.141924
2024-06-16 14:50:00,SOLUSDT,4631331.0,677868463.0821086,3.21338506,1.683864,3.53416149,0.612603
2024-06-16 14:55:00,SOLUSDT,4629564.0,676379300.4,3.20980474,1.677672,3.4846579,0.541654
2024-06-16 15:00:00,SOLUSDT,4618210.0,675279284.41,3.20531635,1.677725,3.46950233,0.737499
2024-06-16 15:05:00,SOLUSDT,4633629.0,679561878.2291839,3.18277801,1.67575,3.4975892,1.746122
2024-06-16 15:10:00,SOLUSDT,4621476.0,678319465.6115823,3.18959363,1.675482,3.5015919,0.87088
2024-06-16 15:15:00,SOLUSDT,4614185.0,678468441.7279693,3.17262639,1.67854,3.51769739,1.3526
2024-06-16 15:20:00,SOLUSDT,4631517.0,682214285.1229458,3.16493435,1.668813,3.51202949,0.819846
2024-06-16 15:25:00,SOLUSDT,4632217.0,680505102.819,3.16632444,1.664646,3.49883923,0.590367
2024-06-16 15:30:00,SOLUSDT,4620546.0,679742593.6556102,3.16427301,1.663429,3.45132491,1.232624
2024-06-16 15:35:00,SOLUSDT,4633181.0,681781850.512,3.18114144,1.662149,3.48242996,1.006599
2024-06-16 15:40:00,SOLUSDT,4639330.0,684565616.81,3.13133641,1.661883,3.41639871,1.755333
2024-06-16 15:45:00,SOLUSDT,4639198.0,685580680.44,3.13814181,1.659622,3.43871336,1.071701
2024-06-16 15:50:00,SOLUSDT,4626921.0,686190891.984,3.1022973,1.648678,3.36876764,1.283988
2024-06-16 15:55:00,SOLUSDT,4614607.0,685171736.4981632,3.08308685,1.641551,3.30928025,1.036652
2024-06-16 16:00:00,SOLUSDT,4620030.0,685826320.9503504,3.07920526,1.636023,3.30854882,0.655245
2024-06-16 16:05:00,SOLUSDT,4628908.0,685705054.9154341,3.08216216,1.634742,3.31646041,0.796143
2024-06-16 16:10:00,SOLUSDT,4639012.0,689249631.4179896,3.03137098,1.631706,3.28713793,1.376217
2024-06-16 16:15:00,SOLUSDT,4645408.0,693011256.256,3.0390531,1.626642,3.31811349,1.879098
2024-06-16 16:20:00,SOLUSDT,4626961.0,687448505.8858815,3.05542071,1.627086,3.26789668,0.697293
2024-06-16 16:25:00,SOLUSDT,4628878.0,688497279.6984292,3.0250533,1.627255,3.27793803,1.112386
2024-06-16 16:30:00,SOLUSDT,4633533.0,688918319.973,3.03660655,1.62455,3.24986251,0.669596
2024-06-16 16:35:00,SOLUSDT,4646001.0,689540884.416,3.03648269,1.625565,3.25863506,0.902932
2024-06-16 16:40:00,SOLUSDT,4650603.0,689665822.488,2.96412264,1.626301,3.16474717,0.569483
2024-06-16 16:45:00,SOLUSDT,4662074.0,691679284.862,2.95712796,1.627375,3.14356081,0.855094
2024-06-16 16:50:00,SOLUSDT,4651233.0,689503431.153,2.95029925,1.627408,3.13930393,0.872214
2024-06-16 16:55:00,SOLUSDT,4649444.0,688687553.157006,2.9577575,1.624061,3.14267801,0.640075
2024-06-16 17:00:00,SOLUSDT,4646205.0,688769048.0685762,2.96953381,1.625416,3.13208222,1.280058
2024-06-16 17:05:00,SOLUSDT,4655959.0,690385600.52,2.95674831,1.626393,3.13566896,1.064956
2024-06-16 17:10:00,SOLUSDT,4655545.0,689538402.7404511,2.96486875,1.627331,3.10325704,0.636309
2024-06-16 17:15:00,SOLUSDT,4656386.0,691380193.28,2.9562215,1.631884,3.13358336,1.620568
2024-06-16 17:20:00,SOLUSDT,4646490.0,690714677.97,2.95503128,1.625854,3.1116796,1.054512
2024-06-16 17:25:00,SOLUSDT,4661911.0,693172432.2807184,2.96408515,1.62404,3.15685922,0.806099
2024-06-16 17:30:00,SOLUSDT,4664885.0,692594354.9781345,2.96175933,1.622136,3.15563538,0.435277
2024-06-16 17:35:00,SOLUSDT,4653460.0,689559009.72,2.94551365,1.620447,3.13663207,0.995277
2024-06-16 17:40:00,SOLUSDT,4667643.0,692220792.186,2.94809779,1.61883,3.08132795,1.705766
2024-06-16 17:45:04,SOLUSDT,4654224.0,689379184.9140955,2.93194192,1.619294,3.11434178,0.387229
2024-06-16 17:50:00,SOLUSDT,4648899.0,688334581.536,2.94832985,1.624409,3.13456512,0.764282
2024-06-16 17:55:00,SOLUSDT,4656721.0,687721835.2050607,2.98334875,1.62028,3.1192366,0.368029
2024-06-16 18:00:01,SOLUSDT,4643408.0,686634671.184,2.96956579,1.625029,3.1461274,1.128379
2024-06-16 18:05:00,SOLUSDT,4642454.0,685709025.616,2.97086996,1.620958,3.14173371,0.85598
2024-06-16 18:10:00,SOLUSDT,4640675.0,685592631.1268872,2.9776551,1.621423,3.11087382,0.557157
2024-06-16 18:15:00,SOLUSDT,4633045.0,684360976.085,2.97947098,1.623851,3.0982777,0.941526
2024-06-16 18:20:00,SOLUSDT,4645200.0,687568869.455412,2.97307286,1.626039,3.11696485,2.621755
2024-06-16 18:25:00,SOLUSDT,4633949.0,686779758.2416956,2.95538401,1.626476,3.12372897,1.275235
2024-06-16 18:30:00,SOLUSDT,4647007.0,689838895.136,2.95551485,1.631755,3.12627126,2.305746
2024-06-16 18:35:00,SOLUSDT,4633288.0,686560615.84,2.98477023,1.626456,3.14404557,0.622445
2024-06-16 18:40:00,SOLUSDT,4632032.0,686143702.1963408,2.98023715,1.62714,3.14409691,0.664136
2024-06-16 18:45:00,SOLUSDT,4633171.0,686257252.6092224,2.97475013,1.63241,3.13701966,1.235292
2024-06-16 18:50:00,SOLUSDT,4630543.0,686316189.2219102,2.96224931,1.629609,3.09139975,2.552655
2024-06-16 18:55:00,SOLUSDT,4632736.0,687306637.0340812,2.95461086,1.630649,3.11261423,1.132868
2024-06-16 19:00:00,SOLUSDT,4645022.0,689027431.6705319,2.95501504,1.630288,3.11331064,0.786186
2024-06-16 19:05:00,SOLUSDT,4634397.0,687725977.212,2.98145488,1.62926,3.13410167,1.916294
2024-06-16 19:10:00,SOLUSDT,4633391.0,689189110.904,2.98614198,1.630917,3.14932735,1.724095
2024-06-16 19:15:00,SOLUSDT,4645672.0,691078515.6533643,2.98301542,1.631752,3.14590428,0.725868
2024-06-16 19:20:00,SOLUSDT,4646417.0,691404092.1282377,2.99410223,1.633165,3.15821647,0.441483
2024-06-16 19:25:00,SOLUSDT,4636559.0,689725243.722,2.98744113,1.632048,3.14555715,1.010936
2024-06-16 19:30:00,SOLUSDT,4632849.0,688327401.4220858,2.99895027,1.632444,3.15568325,0.498252
2024-06-16 19:35:00,SOLUSDT,4625068.0,686494759.4899588,3.00275772,1.639797,3.15669899,0.589005
2024-06-16 19:40:00,SOLUSDT,4624170.0,685343611.53,3.00644144,1.634789,3.15666547,0.549843
2024-06-16 19:45:00,SOLUSDT,4636131.0,688564635.7340449,2.99895027,1.635624,3.15293484,1.418044
2024-06-16 19:50:00,SOLUSDT,4624307.0,687463351.541,2.9926644,1.639348,3.1452494,1.670026
2024-06-16 19:55:00,SOLUSDT,4624354.0,688099250.846,2.99161426,1.636128,3.14377798,0.909185
2024-06-16 20:00:01,SOLUSDT,4626183.0,688098459.42,3.00328645,1.634695,3.1565194,0.46923
2024-06-16 20:05:00,SOLUSDT,4625313.0,687770167.161,3.01357406,1.63583,3.12888377,0.768668
2024-06-16 20:10:00,SOLUSDT,4626015.0,687490593.21,2.99540622,1.639532,3.14189854,1.244019
2024-06-16 20:15:00,SOLUSDT,4624422.0,686703544.89,3.00737133,1.634037,3.15251502,0.320063
2024-06-16 20:20:00,SOLUSDT,4635532.0,688334782.212,3.0021036,1.63475,3.14825764,1.048803
2024-06-16 20:25:00,SOLUSDT,4634696.0,689868167.7246717,2.98624574,1.636218,3.1274737,2.13275
2024-06-16 20:30:00,SOLUSDT,4632600.0,690951611.972664,2.96144829,1.639177,3.1193511,2.149596
2024-06-16 20:35:00,SOLUSDT,4637123.0,691028706.583,2.95813833,1.637574,3.11911333,0.973132
2024-06-16 20:40:00,SOLUSDT,4636683.0,690964155.51222,2.94980545,1.63894,3.10943463,2.417427
2024-06-16 20:45:02,SOLUSDT,4625887.0,689247911.226,2.95557288,1.6385,3.11188066,0.640742
2024-06-16 20:50:00,SOLUSDT,4628127.0,690769120.4706465,2.96006764,1.637955,3.12552339,1.493985
2024-06-16 20:55:00,SOLUSDT,4624267.0,688120954.2719909,2.98154209,1.643559,3.14467323,0.735108
2024-06-16 21:00:00,SOLUSDT,4621886.0,688087900.136,2.97984557,1.643913,3.14123435,2.318827
2024-06-16 21:05:00,SOLUSDT,4622067.0,687467797.5702035,2.97983501,1.638808,3.137481,1.074266
2024-06-16 21:10:00,SOLUSDT,4618879.0,687306448.4220502,2.97242191,1.639788,3.09320695,1.206897
2024-06-16 21:15:00,SOLUSDT,4628095.0,689905493.555,2.96697559,1.639721,3.11286742,1.721666
2024-06-16 21:20:00,SOLUSDT,4614252.0,687666589.812,2.97033843,1.645132,3.08914015,1.082961
2024-06-16 21:25:00,SOLUSDT,4613587.0,687650528.763,2.97309358,1.644156,3.11072664,2.108194
2024-06-16 21:30:00,SOLUSDT,4624796.0,688820718.8635881,2.95769331,1.644783,3.11049038,0.768005
2024-06-16 21:35:00,SOLUSDT,4623595.0,689332383.5936418,2.95345209,1.640739,3.10819672,1.007889
2024-06-16 21:40:00,SOLUSDT,4619453.0,689758039.6910102,2.98972197,1.646402,3.15361771,1.819715
2024-06-16 21:45:00,SOLUSDT,4620276.0,688579332.5996584,3.00066331,1.640655,3.14713015,0.694
2024-06-16 21:50:00,SOLUSDT,4620402.0,688573428.5880845,2.98159348,1.639922,3.10926597,2.165901
2024-06-16 21:55:00,SOLUSDT,4616842.0,688560432.722,2.98814854,1.644873,3.15630343,0.955025
2024-06-16 22:00:01,SOLUSDT,4603477.0,686735914.294432,2.98828485,1.643483,3.15485612,1.173395
2024-06-16 22:05:00,SOLUSDT,4620207.0,691497141.276,2.96635685,1.652673,3.07881386,2.280175
2024-06-16 22:10:00,SOLUSDT,4622717.0,697324477.4100611,2.95275278,1.652537,3.16238296,1.40558
2024-06-16 22:15:00,SOLUSDT,4622691.0,695964282.1094304,2.96911352,1.658253,3.17166513,0.796918
2024-06-16 22:20:00,SOLUSDT,4609376.0,693365384.8,2.97229657,1.652545,3.16680445,0.728271
2024-06-16 22:25:00,SOLUSDT,4616247.0,690502930.123368,2.97147427,1.656013,3.16404742,0.62739
2024-06-16 22:30:00,SOLUSDT,4606129.0,690435706.455,2.9717371,1.653415,3.1375,1.27322
2024-06-16 22:35:00,SOLUSDT,4616141.0,691550795.7714351,2.99367855,1.653089,3.15386013,0.854574
2024-06-16 22:40:00,SOLUSDT,4611719.0,692481889.883,2.94713191,1.65767,3.14878672,1.349516
2024-06-16 22:45:00,SOLUSDT,4618582.0,692712842.1768885,2.94452516,1.661475,3.13984169,1.063305
2024-06-16 22:50:00,SOLUSDT,4631610.0,695452751.1980577,2.93751648,1.660676,3.13600436,1.3774
2024-06-16 22:55:00,SOLUSDT,4624504.0,696306942.776,2.93400948,1.655892,3.13678088,1.763532
2024-06-16 23:00:00,SOLUSDT,4633639.0,696741761.874,2.93247164,1.657219,3.13530963,0.798599
2024-06-16 23:05:00,SOLUSDT,4620932.0,696063577.9520483,2.94582452,1.658251,3.11383208,0.925101
2024-06-16 23:10:00,SOLUSDT,4624056.0,696026781.288,2.94946421,1.662031,3.14280513,0.830847
2024-06-16 23:15:00,SOLUSDT,4622359.0,695877279.4890215,2.95287265,1.659844,3.14505415,0.950246
2024-06-16 23:20:00,SOLUSDT,4635665.0,698126513.335,2.95138151,1.656365,3.14081818,1.559805
2024-06-16 23:25:00,SOLUSDT,4622194.0,694845179.632,2.93052632,1.656992,3.12977238,0.744781
2024-06-16 23:30:00,SOLUSDT,4621056.0,694410451.2323405,2.93350889,1.656925,3.13623978,0.61648
2024-06-16 23:35:00,SOLUSDT,4633054.0,696726882.1059756,2.94180523,1.657212,3.10035746,0.90029
2024-06-16 23:40:00,SOLUSDT,4622452.0,695679026.0,2.93572181,1.656007,3.13214221,1.413973
2024-06-16 23:45:00,SOLUSDT,4635469.0,698685700.494,2.94039735,1.661416,3.11869919,1.322493
2024-06-16 23:50:00,SOLUSDT,4636450.0,699000474.9,2.9051848,1.661858,3.03971942,0.746526
2024-06-16 23:55:00,SOLUSDT,4636565.0,699949762.095,2.90347894,1.656959,3.0315651,0.850953
2024-06-17 00:00:00,SOLUSDT,4645104.0,702544109.376,2.88698496,1.655591,3.07208906,1.620239
