create_time,symbol,sum_open_interest,sum_open_interest_value,count_toptrader_long_short_ratio,sum_toptrader_long_short_ratio,count_long_short_ratio,sum_taker_long_short_vol_ratio
2023-01-21 00:00:00,ETHUSDT,1138931.403,1889487197.577,0.7684641028284703,1.3441869662,0.8137396143750864,0.8592623502
2023-01-21 00:05:00,ETHUSDT,1137711.305,1884833172.2501552,0.7687298649667558,1.3446008731,0.8083493696736441,0.8654122096
2023-01-21 00:10:00,ETHUSDT,1154588.164,1926406365.919288,0.7707393266227005,1.3512537557,0.82151939611674,1.0987112956
2023-01-21 00:15:00,ETHUSDT,1158757.835,1921996858.17945,0.7615336873319082,1.351497693,0.807226270086835,0.6798448693
2023-01-21 00:20:00,ETHUSDT,1163293.924,1928671528.35656,0.759988996630218,1.3525484556,0.8010185882446197,0.8811115908
2023-01-21 00:25:00,ETHUSDT,1164946.015,1935103474.97665,0.7654606284275515,1.3494037983,0.8072552447552448,1.1249967082
2023-01-21 00:30:00,ETHUSDT,1164896.342,1936628519.61158,0.7682084915429755,1.351069951,0.8094273687554603,1.1669115712
2023-01-21 00:35:00,ETHUSDT,1164521.88,1938428185.7916,0.7673135923334138,1.3495906626,0.8097590983053539,1.115426872
2023-01-21 00:40:00,ETHUSDT,1162300.118,1933311465.2384107,0.7634963207482292,1.349403566,0.8046867281816206,0.7052584921
2023-01-21 00:45:00,ETHUSDT,1160869.668,1928438876.7739673,0.7662860287542134,1.3485916205,0.8057511389858588,0.7650921545
2023-01-21 00:50:00,ETHUSDT,1163070.195,1928428536.81975,0.7612385557041457,1.3470736718,0.7997681318897251,0.5152731294
2023-01-21 00:55:00,ETHUSDT,1162875.725,1928851852.3645904,0.7576586433260394,1.3491021481,0.7963078971066129,1.3488598711
2023-01-21 01:00:00,ETHUSDT,1164724.809,1928558362.6384552,0.7586419119909734,1.3479479092,0.7920059359928143,0.5992659676
2023-01-21 01:05:00,ETHUSDT,1165367.554,1931083959.03124,0.7608026801586216,1.3471663525,0.7925985142433755,0.9078103312
2023-01-21 01:10:00,ETHUSDT,1164957.659,1926665224.33715,0.760148988518316,1.34706949,0.7886542765398462,0.4293789404
2023-01-21 01:15:00,ETHUSDT,1167632.682,1931708156.44716,0.760479655631854,1.3473437592,0.7881495871782419,0.9813316802
2023-01-21 01:20:00,ETHUSDT,1168637.04,1933743710.088,0.7552854662445103,1.3464133602,0.7827600208828819,1.0041135523
2023-01-21 01:25:00,ETHUSDT,1169344.548,1938989914.3213103,0.7587888294063491,1.3470011613,0.785837316870198,1.8506966221
2023-01-21 01:30:00,ETHUSDT,1169542.722,1937148696.73026,0.7553756124115406,1.3474212785,0.7841947637909381,1.2082793015
2023-01-21 01:35:00,ETHUSDT,1169981.852,1939888409.7086,0.7592094053501448,1.3474631431,0.7857556791840519,0.7915043228
2023-01-21 01:40:00,ETHUSDT,1169737.775,1939888572.2240524,0.7567852527038977,1.3466117967,0.7839708490784298,1.0098590373
2023-01-21 01:45:00,ETHUSDT,1170212.939,1936819435.3389,0.7564939480484156,1.3460422575,0.7839987673581017,0.5753372901
2023-01-21 01:50:00,ETHUSDT,1169705.358,1935732358.166695,0.7530169491525424,1.3473999236,0.7786026703499079,1.255412549
2023-01-21 01:55:00,ETHUSDT,1170364.171,1936072614.6389396,0.7560834888851179,1.3474951559,0.77789279963193,0.8422638461
2023-01-21 02:00:00,ETHUSDT,1170660.592,1935786997.6402552,0.7553332202814991,1.3478269816,0.7760137719969395,0.539876995
2023-01-21 02:05:00,ETHUSDT,1171268.607,1940554225.8409991,0.7553241996744439,1.3485652867,0.7768345378761806,2.2829010191
2023-01-21 02:10:00,ETHUSDT,1172568.73,1943703473.6882176,0.7531834191276077,1.3484681372,0.7771705900336289,1.8326642708
2023-01-21 02:15:00,ETHUSDT,1172364.718,1941295289.24184,0.758558619752751,1.3469769625,0.7794905140758874,0.4962053684
2023-01-21 02:20:00,ETHUSDT,1172106.874,1942136815.9437428,0.7570134672139489,1.3475342328,0.7784908038732596,1.6411284063
2023-01-21 02:25:00,ETHUSDT,1172189.461,1943319793.7408595,0.758411135630623,1.3474534199,0.779667169796901,1.2363787948
2023-01-21 02:30:00,ETHUSDT,1172190.78,1943527478.9634,0.7574040777555382,1.3477239809,0.779681084693975,2.0204571277
2023-01-21 02:35:00,ETHUSDT,1172696.821,1941704488.33896,0.8563263277477989,1.3542511811,0.7784684615971322,1.0075395611
2023-01-21 02:40:00,ETHUSDT,1172600.481,1940970398.18487,0.8576350655347565,1.3546052374,0.7781843128287217,0.553697759
2023-01-21 02:45:00,ETHUSDT,1171665.84,1938197679.3376284,0.8584922410425766,1.3529511958,0.777849666983825,0.5936554267
2023-01-21 02:50:00,ETHUSDT,1163188.003,1913648639.0794425,0.8515466124371187,1.3540579006,0.7603514132925898,0.5400865798
2023-01-21 02:55:00,ETHUSDT,1166740.955,1923531344.298652,0.8485431359977204,1.3521896441,0.7591491308325709,1.1132835149
2023-01-21 03:00:00,ETHUSDT,1167745.344,1926230977.28832,0.8501673908398034,1.3521962131,0.7594271349127752,1.128252245
2023-01-21 03:05:00,ETHUSDT,1168218.812,1925638493.3978617,0.8488653339972967,1.3523973055,0.757690846942651,0.638728809
2023-01-21 03:10:00,ETHUSDT,1168816.599,1926303260.47992,0.84992,1.3515767626,0.7573159861171695,1.0304483515
2023-01-21 03:15:00,ETHUSDT,1169285.926,1925169815.613812,0.8445586671393123,1.3527595325,0.7517990367362357,0.788182501
2023-01-21 03:20:00,ETHUSDT,1171403.642,1930162896.3243952,0.8482374241187121,1.3542776614,0.7547169811320755,0.9099785486
2023-01-21 03:25:00,ETHUSDT,1170756.203,1932189694.362952,0.8481556431284837,1.3554753151,0.754835297673013,2.401336246
2023-01-21 03:30:00,ETHUSDT,1170727.583,1931852706.53579,0.850840112251785,1.35603623,0.7562214417884521,1.179095489
2023-01-21 03:35:00,ETHUSDT,1170128.723,1930548574.92878,0.8518479033404407,1.357802044,0.7569842947749924,0.9355237688
2023-01-21 03:40:00,ETHUSDT,1170673.484,1932053796.6348,0.8500958194336007,1.3577766622,0.7563530187435246,1.4424711867
2023-01-21 03:45:00,ETHUSDT,1171003.074,1933865406.647709,0.8541696314216594,1.3572210488,0.7585107787480432,1.1283531589
2023-01-21 03:50:00,ETHUSDT,1171218.84,1933366075.7532,0.8547641073080481,1.35713111,0.7584446412087188,1.0281721792
2023-01-21 03:55:00,ETHUSDT,1170610.46,1930465415.6906,0.8567003702648818,1.3567463679,0.7580793916693331,0.5419174199
2023-01-21 04:00:00,ETHUSDT,1170495.698,1931048687.68946,0.8521964558400511,1.3569624999,0.755876830642133,1.0118017956
2023-01-21 04:05:00,ETHUSDT,1170425.494,1929525062.5629568,0.8550807082414847,1.3580272,0.7560210996602279,0.7809032872
2023-01-21 04:10:00,ETHUSDT,1175387.463,1942574613.97473,0.8530571641738018,1.358217655,0.7571476875680956,1.5403323661
2023-01-21 04:15:00,ETHUSDT,1174219.756,1940327693.60464,0.8536238581025841,1.3580162146,0.7598818505070268,1.3321842926
2023-01-21 04:20:00,ETHUSDT,1178421.172,1948578328.9606,0.8526592345380956,1.3532417939,0.7602489845042877,1.3343819015
2023-01-21 04:25:00,ETHUSDT,1178018.894,1948332015.0756953,0.8542081319306227,1.3542537084,0.7628009494743981,1.8042449699
2023-01-21 04:30:00,ETHUSDT,1177936.558,1948909202.727696,0.855344570087476,1.3543857935,0.7636199231406827,1.4906752898
2023-01-21 04:35:00,ETHUSDT,1177916.608,1948812748.7776124,0.8594033999786165,1.3544732888,0.7655976016743028,1.1391505451
2023-01-21 04:40:00,ETHUSDT,1178026.356,1948608736.25028,0.8594941218382615,1.3546377239,0.7662195765202321,0.9868296535
2023-01-21 04:45:00,ETHUSDT,1178690.149,1950296081.23987,0.8577432682718336,1.3545403667,0.7677880714730466,2.0786385462
2023-01-21 04:50:00,ETHUSDT,1179049.021,1950125859.2075284,0.8596635060953874,1.3546613946,0.7678100263852242,0.6640647754
2023-01-21 04:55:00,ETHUSDT,1178063.819,1947433737.91252,0.8573360378634213,1.3546915776,0.76532992250395,0.4328899904
2023-01-21 05:00:00,ETHUSDT,1172516.554,1935836058.7897727,0.8609684781058337,1.3544653671,0.766182447689297,0.5860124955
2023-01-21 05:05:00,ETHUSDT,1173370.915,1936871635.68135,0.8621673681957623,1.3538195135,0.7665795460955569,0.7211362091
2023-01-21 05:10:00,ETHUSDT,1173692.524,1936146661.44088,0.8632811105956247,1.3541359381,0.7665702261967385,0.6533160054
2023-01-21 05:15:00,ETHUSDT,1174116.096,1935819606.7747953,0.8637321052443683,1.3541909318,0.7654608225758031,0.5924438457
2023-01-21 05:20:00,ETHUSDT,1174421.714,1937499535.359734,0.8597222222222223,1.3537486885,0.7646871427768304,2.1763324401
2023-01-21 05:25:00,ETHUSDT,1174362.267,1937861172.7887392,0.8608330067338867,1.3538117988,0.7647312230754822,1.4371251298
2023-01-21 05:30:00,ETHUSDT,1174179.467,1938233684.6857417,0.8625891583452211,1.353411641,0.7676930577954468,1.5678516058
2023-01-21 05:35:00,ETHUSDT,1174678.559,1937925952.71025,0.8621119783313732,1.3530703369,0.7671882319872576,0.9500403771
2023-01-21 05:40:00,ETHUSDT,1174833.367,1937845144.6501856,0.8627632657424896,1.3528718542,0.766563108249738,0.9523574179
2023-01-21 05:45:00,ETHUSDT,1174849.512,1938936389.11944,0.8639167171735178,1.3530215841,0.7673822312889521,1.2204319191
2023-01-21 05:50:00,ETHUSDT,1175700.433,1938829933.8457923,0.8636525707765813,1.3533043265,0.7668150531198563,0.256223863
2023-01-21 05:55:00,ETHUSDT,1175968.391,1937160970.81039,0.8647163753121655,1.3530002886,0.7657923762875998,0.319059155
2023-01-21 06:00:00,ETHUSDT,1176285.534,1936989388.8378,0.863399857448325,1.3524577619,0.7645411259452899,1.0310035358
2023-01-21 06:05:00,ETHUSDT,1175535.01,1935081711.2272644,0.8631064846173042,1.3527840273,0.76258925741559,0.7408070141
2023-01-21 06:10:00,ETHUSDT,1174456.735,1933832564.3777769,0.8644908150526128,1.3528852089,0.765371051109328,1.8114549696
2023-01-21 06:15:00,ETHUSDT,1176112.736,1939012531.8058088,0.8597177290340929,1.3492944082,0.7627765775162035,2.6371094938
2023-01-21 06:20:00,ETHUSDT,1177745.913,1943402987.2431784,0.8612910113159206,1.3493637643,0.7639965707469808,1.6703756094
2023-01-21 06:25:00,ETHUSDT,1177076.643,1943787648.367348,0.8605693950177936,1.3499519602,0.7653775116135892,1.953160843
2023-01-21 06:30:00,ETHUSDT,1177097.007,1943799142.50945,0.8627520843725505,1.3498370551,0.7664034645610498,1.0682663437
2023-01-21 06:35:00,ETHUSDT,1175865.191,1941747070.0040128,0.8661358280368493,1.3497624725,0.7689646143487694,0.8321551433
2023-01-21 06:40:00,ETHUSDT,1175869.766,1943640183.1571655,0.8677364019726967,1.3492704966,0.770600127288383,2.0688187961
2023-01-21 06:45:00,ETHUSDT,1175546.48,1941802942.0584,0.8677080354589648,1.3499370466,0.7711510750977787,0.8317548652
2023-01-21 06:50:00,ETHUSDT,1179120.447,1949581329.47874,0.8640319589099729,1.3498732395,0.7702500654132247,1.784019134
2023-01-21 06:55:00,ETHUSDT,1177606.439,1948196764.48843,0.8727122658436804,1.3493639262,0.776123051465749,1.0146125032
2023-01-21 07:00:00,ETHUSDT,1177141.302,1946836629.955969,0.8720487979906709,1.3495072734,0.7762781954887218,0.8235026289
2023-01-21 07:05:00,ETHUSDT,1177447.426,1947709983.14068,0.8730529035962961,1.3497084453,0.7767694417826879,0.9197625945
2023-01-21 07:10:00,ETHUSDT,1178063.566,1947951667.65232,0.8744433271081741,1.3492876251,0.7763523666416229,0.8247973304
2023-01-21 07:15:00,ETHUSDT,1178466.575,1948841959.74325,0.8713169402824575,1.34969563,0.774334458192726,1.2039185927
2023-01-21 07:20:00,ETHUSDT,1179330.096,1949135373.335019,0.8710359408033826,1.3495398717,0.7735266026181246,0.3063145119
2023-01-21 07:25:00,ETHUSDT,1179241.09,1950205329.8202,0.8754982583402162,1.3497803566,0.7782842778621945,1.9233670442
2023-01-21 07:30:00,ETHUSDT,1179711.689,1950912814.33308,0.876984412039365,1.3490452644,0.7794760234795491,0.5331336336
2023-01-21 07:35:00,ETHUSDT,1174413.667,1938956964.217,0.8755384836300977,1.3586821735,0.7792322262438347,0.6123607316
2023-01-21 07:40:00,ETHUSDT,1174198.361,1941444896.0448148,0.8788249253892345,1.3587931298,0.7822838045886373,1.5649044792
2023-01-21 07:45:00,ETHUSDT,1176122.529,1945985333.9215405,0.8772226013865441,1.3587236304,0.7823165008447531,2.5449743111
2023-01-21 07:50:00,ETHUSDT,1176562.712,1946711348.603418,0.8771300448430494,1.3586364158,0.7810330957325401,1.5275042756
2023-01-21 07:55:00,ETHUSDT,1175052.616,1941735424.1488595,0.8812511234945174,1.3580086988,0.782366154998128,0.6779223886
2023-01-21 08:00:00,ETHUSDT,1175789.16,1942403692.32,0.877232623197762,1.3577667043,0.7804198680201148,0.5603584478
2023-01-21 08:05:00,ETHUSDT,1174680.421,1941088914.87724,0.8782780269058296,1.3585591812,0.7810864363690744,2.1270130422
2023-01-21 08:10:00,ETHUSDT,1172381.665,1937665520.6454,0.8847911344583168,1.3577886881,0.786367383646856,1.3884249892
2023-01-21 08:15:00,ETHUSDT,1170057.864,1935626724.4152,0.8889529644981078,1.3561869988,0.7915656992580069,0.9354348251
2023-01-21 08:20:00,ETHUSDT,1170227.144,1934444627.957795,0.8944611048885356,1.356334592,0.79503234055355,0.7071987502
2023-01-21 08:25:00,ETHUSDT,1169758.78,1933599565.7522,0.8936823104693141,1.3570059807,0.794897805831079,0.9028171551
2023-01-21 08:30:00,ETHUSDT,1170388.029,1932506930.0704336,0.8898497459734083,1.3571442638,0.7916565107340395,0.710560302
2023-01-21 08:35:00,ETHUSDT,1170281.964,1933076834.8476765,0.8938819707634001,1.3571669778,0.7942671694148986,0.756876035
2023-01-21 08:40:00,ETHUSDT,1170763.953,1936266255.09126,0.891744772891132,1.35735704,0.7947294382443965,2.6254038888
2023-01-21 08:45:00,ETHUSDT,1169280.061,1933264267.25618,0.8931380330471174,1.3577788835,0.7957521858231078,2.246605651
2023-01-21 08:50:00,ETHUSDT,1169066.206,1931484422.90496,0.892730943967693,1.357707353,0.796560906090609,0.7316493053
2023-01-21 08:55:00,ETHUSDT,1167822.29,1928471660.3686,0.8956656681944495,1.358292406,0.7981176647043384,0.4888887987
2023-01-21 09:00:00,ETHUSDT,1164081.609,1918018433.4683096,0.8983320670067658,1.357529121,0.7987375302936369,0.4491030264
2023-01-21 09:05:00,ETHUSDT,1166248.09,1923367453.3044455,0.8991779234418571,1.352537048,0.8020768666403296,1.3230961016
2023-01-21 09:10:00,ETHUSDT,1166876.092,1924213681.99076,0.8996815286624203,1.3531901135,0.80518039200933,1.0590081017
2023-01-21 09:15:00,ETHUSDT,1165948.848,1920679196.79888,0.9080810280984536,1.3561532099,0.8097749317261512,0.6081002913
2023-01-21 09:20:00,ETHUSDT,1165898.779,1920596717.63449,0.9058635819704828,1.3563248791,0.8091136479040114,1.0360154824
2023-01-21 09:25:00,ETHUSDT,1166116.571,1920442397.28277,0.90509494129584,1.3563899376,0.8094933974491425,0.680153484
2023-01-21 09:30:00,ETHUSDT,1166418.156,1921276875.3887825,0.906259065854366,1.3574000496,0.8098153747910524,0.8052170586
2023-01-21 09:35:00,ETHUSDT,1165365.705,1923455828.3892655,0.9067421438420784,1.358107046,0.8124141564281548,2.1695464038
2023-01-21 09:40:00,ETHUSDT,1165154.49,1923437032.092,0.9072078934958464,1.358903204,0.8139232882899838,1.60259085
2023-01-21 09:45:00,ETHUSDT,1161017.622,1919754248.15322,0.9107965766951942,1.358838052,0.8235429139807571,1.2907752462
2023-01-21 09:50:00,ETHUSDT,1158756.003,1917714634.8290305,0.9140828055789436,1.3602873884,0.8267181851221331,0.9474328021
2023-01-21 09:55:00,ETHUSDT,1159091.837,1920371560.6694305,0.917652228039984,1.3606925704,0.8324659421399051,1.203752246
2023-01-21 10:00:00,ETHUSDT,1159283.841,1927692613.4373713,0.9159337437701554,1.3635381787,0.8383006687541072,1.2683850018
2023-01-21 10:05:00,ETHUSDT,1160700.522,1937534167.36416,0.9235680543253616,1.3647729679,0.8565976866787316,1.1083453995
2023-01-21 10:10:00,ETHUSDT,1159411.522,1933675643.557511,0.9159793247553064,1.3692868981,0.8508920737057619,1.170902576
2023-01-21 10:15:00,ETHUSDT,1159127.848,1944170365.61496,0.919383455311599,1.3701329956,0.8598751362600336,1.4075251093
2023-01-21 10:20:00,ETHUSDT,1163578.48,1950457512.320772,0.915960816086028,1.3693127107,0.8534940422352433,0.8468799057
2023-01-21 10:25:00,ETHUSDT,1161169.532,1941439927.9341545,0.9176210642607254,1.3687009527,0.8493815562862064,0.732965087
2023-01-21 10:30:00,ETHUSDT,1125701.418,1840690673.6427,0.9114413758762018,1.3723168091,0.8241501067498769,0.7000063646
2023-01-21 10:35:00,ETHUSDT,1130500.675,1845724528.051474,0.915469761384963,1.3752065036,0.8309966129528893,0.9342122561
2023-01-21 10:40:00,ETHUSDT,1136033.144,1867486469.097596,0.9148489932885906,1.3713128939,0.8336299114356426,1.3724228371
2023-01-21 10:45:00,ETHUSDT,1136969.624,1867074668.0516,0.9130996239887575,1.3686363458,0.8317914726633187,0.8661473841
2023-01-21 10:50:00,ETHUSDT,1136337.58,1862706568.972267,0.9100791636680428,1.3689067292,0.8279005692753388,0.8167702289
2023-01-21 10:55:00,ETHUSDT,1137251.527,1863828970.000704,0.908283240709236,1.3674938236,0.8262993238470078,0.9666586475
2023-01-21 11:00:00,ETHUSDT,1139988.479,1872146079.63775,0.9081574874485674,1.3674360286,0.827450664193997,1.3060259461
2023-01-21 11:05:00,ETHUSDT,1142810.38,1873706186.6328,0.910410070857832,1.3673297042,0.8295271791572854,0.7782559189
2023-01-21 11:10:00,ETHUSDT,1143873.433,1874236619.9705,0.9070945945945946,1.3658456005,0.825523071081713,0.984458353
2023-01-21 11:15:00,ETHUSDT,1144982.57,1872292241.6815193,0.9047868950781572,1.3691395273,0.8198287875771452,0.7374471172
2023-01-21 11:20:00,ETHUSDT,1145404.653,1875495294.957704,0.9072755881912185,1.3680479529,0.8227561106581015,1.1070619234
2023-01-21 11:25:00,ETHUSDT,1144384.315,1878580084.925564,0.9063611516717212,1.3692241132,0.8246671840487135,1.659133657
2023-01-21 11:30:00,ETHUSDT,1143064.075,1879368798.91125,0.9072902235369004,1.3729652744,0.8279377214988253,1.3701220977
2023-01-21 11:35:00,ETHUSDT,1144956.585,1884609988.47585,0.9152421116047896,1.3708452695,0.8381193185238697,0.9858611348
2023-01-21 11:40:00,ETHUSDT,1145623.048,1886902869.7632232,0.9089034676663542,1.3713462078,0.8354524009435849,0.7400963973
2023-01-21 11:45:00,ETHUSDT,1147665.698,1890698900.85614,0.910747085504367,1.3699755489,0.836036431909879,0.9318762666
2023-01-21 11:50:00,ETHUSDT,1146317.566,1887320167.01372,0.9138993238166792,1.3722615634,0.8391849153288763,1.3015193749
2023-01-21 11:55:00,ETHUSDT,1146813.341,1888620686.0224912,0.9122478061951548,1.3720862631,0.837574596331557,0.9251892153
2023-01-21 12:00:00,ETHUSDT,1146832.546,1889398028.520651,0.9098839385997752,1.3719214232,0.836702985877338,0.8958838045
2023-01-21 12:05:00,ETHUSDT,1147580.002,1891564946.042684,0.9083541845613772,1.3740734097,0.8345682445720188,1.3676265014
2023-01-21 12:10:00,ETHUSDT,1148093.396,1899333754.5348773,0.9201312910284464,1.3759832316,0.8491322031168204,1.5205567122
2023-01-21 12:15:00,ETHUSDT,1147402.714,1892422770.22734,0.9274979231175892,1.3756708834,0.8564416190552828,0.5676124713
2023-01-21 12:20:00,ETHUSDT,1147738.194,1894457903.0212672,0.9292342512259524,1.3748791088,0.8571744062318055,1.1379274941
2023-01-21 12:25:00,ETHUSDT,1148705.836,1899140095.2759523,0.9269531838024988,1.3735811218,0.8581139339495899,2.5714850491
2023-01-21 12:30:00,ETHUSDT,1148146.115,1898689230.3755,0.9327394881860044,1.3707694517,0.8641736643911476,1.0273338322
2023-01-21 12:35:00,ETHUSDT,1146976.567,1893926169.4200025,0.9288268282584968,1.3686470481,0.8607759830053309,0.6777640412
2023-01-21 12:40:00,ETHUSDT,1147827.092,1897197487.28312,0.9254576830732292,1.3688190341,0.8560028727606431,1.1552711711
2023-01-21 12:45:00,ETHUSDT,1150748.187,1903970412.80085,0.9222995733213564,1.3675612291,0.8559740414858462,1.4302500786
2023-01-21 12:50:00,ETHUSDT,1150617.198,1901532993.75876,0.9251930140169402,1.3683062371,0.8551174213048579,0.5322792393
2023-01-21 12:55:00,ETHUSDT,1151081.715,1908075740.8479671,0.921226856181036,1.365130569,0.854335949140757,1.6480495446
2023-01-21 13:00:00,ETHUSDT,1151375.383,1910431117.99658,0.922531778469384,1.3664123198,0.8585719420150952,1.4545986266
2023-01-21 13:05:00,ETHUSDT,1151886.317,1909279479.5617063,0.9258300506471582,1.3658586042,0.8568385427035636,0.5570598271
2023-01-21 13:10:00,ETHUSDT,1152077.264,1907966677.68304,0.9256092988376452,1.366324945,0.8566940406832236,0.8525381282
2023-01-21 13:15:00,ETHUSDT,1152667.04,1907495893.9477751,0.9256359345146667,1.3674337468,0.8555354910404223,0.7187348893
2023-01-21 13:20:00,ETHUSDT,1151416.487,1904402450.9105473,0.9229559748427671,1.3681792471,0.8498643591216015,0.6641899948
2023-01-21 13:25:00,ETHUSDT,1152159.921,1903968316.908072,0.9147081828001042,1.3681616375,0.8427893420508478,0.7460657137
2023-01-21 13:30:00,ETHUSDT,1154989.243,1908105616.8741903,0.9181984266060176,1.3667022654,0.8467009476525406,0.967499141
2023-01-21 13:35:00,ETHUSDT,1153465.413,1905844293.1714857,0.9120883219574056,1.3661850461,0.8377739705795475,0.7477671013
2023-01-21 13:40:00,ETHUSDT,1153918.752,1905154477.11456,0.9121239201668156,1.3676558558,0.8396382225717657,1.0825999766
2023-01-21 13:45:00,ETHUSDT,1154454.649,1903737415.4261692,0.9132767098793028,1.3683917318,0.8396400644426107,0.6050699324
2023-01-21 13:50:00,ETHUSDT,1155740.587,1907120272.5117943,0.9113886410942612,1.3715194276,0.8378563730772999,1.1078054037
2023-01-21 13:55:00,ETHUSDT,1156085.432,1909393451.4369624,0.9160925105210236,1.3707130123,0.843297350343474,1.5138891757
2023-01-21 14:00:00,ETHUSDT,1156907.727,1910194448.3812585,0.9133747073469842,1.370712887,0.843692440333895,1.2505523233
2023-01-21 14:05:00,ETHUSDT,1157705.862,1913368224.2502103,0.919027586463646,1.3694848354,0.8487238341867263,2.0551038055
2023-01-21 14:10:00,ETHUSDT,1157295.303,1911469933.10601,0.9199970203731984,1.3697212238,0.849216466942554,0.6411475221
2023-01-21 14:15:00,ETHUSDT,1157620.428,1908721159.8562312,0.9184523809523808,1.3687176243,0.8466190429591937,0.5058163585
2023-01-21 14:20:00,ETHUSDT,1156979.593,1908660673.9181144,0.9174410824474016,1.368997811,0.8457945751582897,0.6326156985
2023-01-21 14:25:00,ETHUSDT,1157935.987,1909580933.57875,0.9187611540749554,1.3685177916,0.8468135818387841,0.7315286638
2023-01-21 14:30:00,ETHUSDT,1158302.87,1911635637.7889483,0.9216481798555796,1.3683498099,0.8485582558412128,1.7878146156
2023-01-21 14:35:00,ETHUSDT,1157804.424,1912426613.43048,0.9203615533402768,1.3694250766,0.8504327777886325,1.9728477195
2023-01-21 14:40:00,ETHUSDT,1157730.894,1912889933.808842,0.9229881205079506,1.3686165108,0.8522303198452551,2.0754971069
2023-01-21 14:45:00,ETHUSDT,1156753.23,1911789198.2856,0.9298186576930269,1.3688564535,0.859449490886975,1.1182906948
2023-01-21 14:50:00,ETHUSDT,1156668.056,1908224692.06656,0.931420233463035,1.3686512039,0.8595926696228858,0.757517917
2023-01-21 14:55:00,ETHUSDT,1157401.08,1907345231.152998,0.9308321811591496,1.3686551144,0.8590917109312217,0.5147000067
2023-01-21 15:00:00,ETHUSDT,1157664.327,1909092665.01243,0.9265456713747996,1.367717072,0.858090133792348,1.0814833104
2023-01-21 15:05:00,ETHUSDT,1158595.275,1914920631.25446,0.9189650692304836,1.3675393728,0.8530329627462454,2.6687941786
2023-01-21 15:10:00,ETHUSDT,1160443.622,1919768301.61948,0.9208745445080688,1.3688710238,0.8541849790018556,1.7755559756
2023-01-21 15:15:00,ETHUSDT,1160637.514,1921335723.74728,0.9210213335315544,1.3690934914,0.8546306235971504,1.7715093425
2023-01-21 15:20:00,ETHUSDT,1158056.59,1919849376.0338,0.920386545251812,1.3707004639,0.8559160492856722,1.3877998401
2023-01-21 15:25:00,ETHUSDT,1155643.58,1920298434.060614,0.9165272977292156,1.370910141,0.8567486053342269,1.6406487211
2023-01-21 15:30:00,ETHUSDT,1157212.328,1924047297.9045732,0.9178927032248476,1.3711575681,0.858157283921476,1.1362783288
2023-01-21 15:35:00,ETHUSDT,1159135.94,1931181334.235397,0.9175403375715666,1.370273373,0.8613474407311633,1.4973075684
2023-01-21 15:40:00,ETHUSDT,1156860.421,1924764635.0008168,0.9120593692022264,1.3717136668,0.8525693871942841,0.6722732723
2023-01-21 15:45:00,ETHUSDT,1158237.272,1926113836.21784,0.917450637712416,1.3713959036,0.8551023211097377,0.8682822066
2023-01-21 15:50:00,ETHUSDT,1159859.012,1925180382.47808,0.9182109101734018,1.3704927531,0.8504169766258173,0.704344429
2023-01-21 15:55:00,ETHUSDT,1160761.287,1924923090.0246031,0.9126058535135938,1.3709945799,0.8453384867650504,0.7503477325
2023-01-21 16:00:00,ETHUSDT,1153109.547,1899797249.7734916,0.9081388390185516,1.3722950535,0.8372313153224216,0.7615383435
2023-01-21 16:05:00,ETHUSDT,1153548.609,1905521958.541106,0.9199714853862604,1.3715341153,0.8517874090477697,1.2022835924
2023-01-21 16:10:00,ETHUSDT,1154245.643,1909475371.4121685,0.9234322193015396,1.3708312025,0.8552615968679559,1.1986957479
2023-01-21 16:15:00,ETHUSDT,1155382.883,1911698317.1660564,0.9214987622833996,1.373568886,0.8551228375069121,1.0384751518
2023-01-21 16:20:00,ETHUSDT,1158415.515,1919429526.341637,0.9240696278511404,1.3722498364,0.8592715558981048,1.164891364
2023-01-21 16:25:00,ETHUSDT,1159343.052,1916602746.70536,0.9216935181715998,1.3722024457,0.8555443727428809,0.6011645751
2023-01-21 16:30:00,ETHUSDT,1158598.322,1917955248.22202,0.9182277061132922,1.3710773736,0.8535571448273145,0.9536823747
2023-01-21 16:35:00,ETHUSDT,1158554.074,1919147006.354803,0.9207139115468084,1.3717353539,0.8559804558977087,1.2648372301
2023-01-21 16:40:00,ETHUSDT,1157266.019,1918943794.72523,0.9227196104139352,1.3734518434,0.8584840535689632,1.1509828584
2023-01-21 16:45:00,ETHUSDT,1156426.072,1917840126.32624,0.9247940074906368,1.3738302618,0.859340529467381,0.7799857562
2023-01-21 16:50:00,ETHUSDT,1156205.743,1918734992.56593,0.9268448075553724,1.3719900907,0.8590667454223272,1.0559999623
2023-01-21 16:55:00,ETHUSDT,1155802.506,1918447231.55904,0.9271957434052758,1.3730325696,0.8635415436690675,0.9922736032
2023-01-21 17:00:00,ETHUSDT,1158159.991,1920378962.839168,0.9233618979904952,1.3753774386,0.8580061608491769,0.8216655341
2023-01-21 17:05:00,ETHUSDT,1158904.129,1919336875.23921,0.9247460930180263,1.3731785358,0.860458261279673,0.7251256066
2023-01-21 17:10:00,ETHUSDT,1158461.55,1919466526.8105,0.925322242206235,1.3718041009,0.8625739615891176,1.1049878529
2023-01-21 17:15:00,ETHUSDT,1157986.599,1920659732.83338,0.9261284884809888,1.3710291689,0.8642445915941288,1.1947828339
2023-01-21 17:20:00,ETHUSDT,1157923.928,1918371289.853686,0.926478303230158,1.3720240471,0.8633856180922279,0.7905085303
2023-01-21 17:25:00,ETHUSDT,1158562.308,1918762019.4000747,0.925297685913278,1.3715598786,0.8631504619186787,0.974523316
2023-01-21 17:30:00,ETHUSDT,1159978.559,1921527682.55468,0.9301819546051396,1.3699297581,0.8660085179878707,0.5727467295
2023-01-21 17:35:00,ETHUSDT,1160766.7,1920841099.3526003,0.9280599812558576,1.3701409084,0.8630351719408249,0.568416003
2023-01-21 17:40:00,ETHUSDT,1158310.383,1921730818.5926352,0.924098955799244,1.37014088,0.8623243783434248,1.7104764641
2023-01-21 17:45:00,ETHUSDT,1158264.356,1922143848.1598115,0.9272413922295905,1.3707498886,0.8638108669252165,0.737076582
2023-01-21 17:50:00,ETHUSDT,1158381.201,1919982653.2372768,0.9304883083736816,1.3712732971,0.864360607545321,0.8874337635
2023-01-21 17:55:00,ETHUSDT,1154444.95,1908399782.5937908,0.9249521090786162,1.3735763306,0.861306117633178,0.8822771787
2023-01-21 18:00:00,ETHUSDT,1155014.997,1912196628.43332,0.922742437305544,1.3723123133,0.861714869136675,1.2481693499
2023-01-21 18:05:00,ETHUSDT,1155097.537,1910599007.1629636,0.9218346011166486,1.3723132413,0.8587352583943894,1.1615775791
2023-01-21 18:10:00,ETHUSDT,1155586.628,1909017553.58972,0.9246924692469248,1.3725336686,0.8587905847334821,0.7259349603
2023-01-21 18:15:00,ETHUSDT,1155414.704,1910028781.262044,0.9244576010791772,1.3713467272,0.8587500978320419,0.9328540531
2023-01-21 18:20:00,ETHUSDT,1155437.237,1911382049.30725,0.9263063198140792,1.3714311941,0.8591852300952455,0.8823027797
2023-01-21 18:25:00,ETHUSDT,1155889.933,1913774265.340212,0.9265759178010274,1.3718161736,0.8604341873655388,1.1676388858
2023-01-21 18:30:00,ETHUSDT,1155777.278,1912545566.31606,0.9280246172320624,1.3715926527,0.8608236329844469,1.1893877713
2023-01-21 18:35:00,ETHUSDT,1155815.302,1913810535.20462,0.929722420463509,1.3721743556,0.8627040356989079,1.0133525028
2023-01-21 18:40:00,ETHUSDT,1156303.659,1915706087.04825,0.9312067929065224,1.3719186531,0.8638552801597557,0.841868385
2023-01-21 18:45:00,ETHUSDT,1156173.683,1915895410.0993,0.9289465786314526,1.3721406528,0.8630646139400223,1.3033375799
2023-01-21 18:50:00,ETHUSDT,1156672.571,1918063857.58646,0.927874878103668,1.3730144047,0.8634985228806762,1.8776567886
2023-01-21 18:55:00,ETHUSDT,1156836.123,1920567763.04337,0.9267999849923084,1.3743691124,0.8612854656733345,1.7675579345
2023-01-21 19:00:00,ETHUSDT,1156628.861,1921900780.59204,0.928340719597386,1.3764056372,0.8616266108688425,0.9404760455
2023-01-21 19:05:00,ETHUSDT,1157073.45,1923449478.873,0.9219305799977534,1.3770923771,0.8570313567093992,1.5374217708
2023-01-21 19:10:00,ETHUSDT,1153936.589,1921564942.8946917,0.9191760299625468,1.3732118691,0.8554946131243879,1.2254437848
2023-01-21 19:15:00,ETHUSDT,1154947.711,1919834931.56397,0.919221411192214,1.3740342954,0.8530405735383173,0.6225870443
2023-01-21 19:20:00,ETHUSDT,1155478.151,1923628471.00329,0.9225605640141004,1.3735917569,0.8557211012044423,1.1007516035
2023-01-21 19:25:00,ETHUSDT,1155870.638,1921057000.356,0.9187733732236352,1.3733864565,0.8528052419118938,0.7593049951
2023-01-21 19:30:00,ETHUSDT,1155990.578,1922920967.06832,0.920459649648151,1.3732445564,0.8533523092819683,1.0936206957
2023-01-21 19:35:00,ETHUSDT,1156126.708,1919394173.2147224,0.9212969896660176,1.3705150697,0.853993952989369,0.576191467
2023-01-21 19:40:00,ETHUSDT,1156369.783,1921013366.5476727,0.919872754491018,1.3709052061,0.8517053206002728,0.9654775868
2023-01-21 19:45:00,ETHUSDT,1156558.498,1923830971.15818,0.9212831262164994,1.3707605355,0.852640196479738,1.2423702234
2023-01-21 19:50:00,ETHUSDT,1157086.656,1926422002.70784,0.9191341408703454,1.3696736994,0.8517977484320829,1.0701211344
2023-01-21 19:55:00,ETHUSDT,1157563.094,1928164421.30674,0.9238348568859585,1.3693325129,0.8552174761068851,0.8960122108
2023-01-21 20:00:00,ETHUSDT,1156792.447,1924451482.75367,0.9246280124433116,1.3694620175,0.8557977230193388,0.6939193087
2023-01-21 20:05:00,ETHUSDT,1159001.191,1928693881.9431,0.9236038329091182,1.3661474188,0.854892415538896,1.0327906846
2023-01-21 20:10:00,ETHUSDT,1160147.19,1929953981.754364,0.9213890550239234,1.3661181946,0.8534967415621049,0.572529691
2023-01-21 20:15:00,ETHUSDT,1159653.403,1930760934.874706,0.91913796967207,1.366684854,0.8507906290065659,1.1719833054
2023-01-21 20:20:00,ETHUSDT,1157860.205,1924141739.5148592,0.9223660580664472,1.3675331795,0.8520930956038187,0.5738816613
2023-01-21 20:25:00,ETHUSDT,1157262.729,1920674233.43943,0.9191088516746412,1.3677353839,0.849774477019986,0.7047334687
2023-01-21 20:30:00,ETHUSDT,1158932.065,1922487486.7640984,0.9174383868558624,1.3678625731,0.8496665953848247,0.8938444881
2023-01-21 20:35:00,ETHUSDT,1158200.066,1921963517.52304,0.9185625163435316,1.3669006473,0.8511350152696998,1.5216017243
2023-01-21 20:40:00,ETHUSDT,1157601.381,1918544424.192508,0.922541014308188,1.3681192391,0.8531261561228265,0.7955342522
2023-01-21 20:45:00,ETHUSDT,1157161.17,1917115196.7858,0.9261566170124949,1.367901046,0.8547861864555506,0.7911105817
2023-01-21 20:50:00,ETHUSDT,1157317.205,1918856749.0594249,0.9286840919333031,1.3674143928,0.8561061256340227,1.0738952681
2023-01-21 20:55:00,ETHUSDT,1156816.815,1917279275.8750484,0.9285714285714286,1.3670554475,0.8562904609624834,1.1844625105
2023-01-21 21:00:00,ETHUSDT,1157770.633,1916029353.67069,0.9280996697688382,1.3692793889,0.8560035877237453,0.7283448462
2023-01-21 21:05:00,ETHUSDT,1157702.69,1917977623.5499,0.9273621382184016,1.3686818488,0.8549563250662923,0.9929492508
2023-01-21 21:10:00,ETHUSDT,1157142.687,1918536889.6452649,0.9274263187535198,1.3680446939,0.8557969883748147,1.3588238766
2023-01-21 21:15:00,ETHUSDT,1156596.056,1916103735.115229,0.924599010643082,1.3678115525,0.8546605629687348,1.0951810016
2023-01-21 21:20:00,ETHUSDT,1157452.613,1919739329.39567,0.9248641558928236,1.3681147635,0.8554810802384942,1.6662794351
2023-01-21 21:25:00,ETHUSDT,1157741.805,1915970067.9306,0.9248951153730895,1.3689896858,0.8569619019779792,0.7713993582
2023-01-21 21:30:00,ETHUSDT,1157386.149,1916666184.32847,0.9246526607497284,1.3684666406,0.8563636009429,1.3122435612
2023-01-21 21:35:00,ETHUSDT,1155676.183,1917856255.8819947,0.918944145758662,1.369402913,0.8537354085603113,1.7124406135
2023-01-21 21:40:00,ETHUSDT,1155580.262,1918910359.86672,0.9190127697707416,1.3701435827,0.8545160913725337,1.084699061
2023-01-21 21:45:00,ETHUSDT,1155309.194,1918086901.6091764,0.9204481792717086,1.3705689889,0.8540617281549622,0.8055638311
2023-01-21 21:50:00,ETHUSDT,1155318.704,1918753303.6032,0.9204884971616372,1.3700982573,0.8541265675123942,1.014133671
2023-01-21 21:55:00,ETHUSDT,1155860.419,1919257202.7270105,0.921496095355528,1.3698032962,0.8540079303374281,0.5087874576
2023-01-21 22:00:00,ETHUSDT,1155326.665,1921368904.1829064,0.9144120707596254,1.3723604635,0.8497082937607815,2.8697521749
2023-01-21 22:05:00,ETHUSDT,1154334.324,1917812345.4200952,0.9187798329355608,1.3721817056,0.8513723358826042,0.9301230503
2023-01-21 22:10:00,ETHUSDT,1152852.048,1910598642.10944,0.9273824698207992,1.3710456767,0.8546233210044774,0.3509799151
2023-01-21 22:15:00,ETHUSDT,1153346.397,1911300991.6235108,0.925190954021267,1.3706975519,0.8548057657517458,1.1862223735
2023-01-21 22:20:00,ETHUSDT,1153672.051,1910346418.9340465,0.9253809577296044,1.3710312471,0.8543011589017656,0.864615026
2023-01-21 22:25:00,ETHUSDT,1154293.567,1908335839.64275,0.9292065278559368,1.3699191022,0.8571957228833531,0.585095077
2023-01-21 22:30:00,ETHUSDT,1152724.551,1902018563.64102,0.927886964037428,1.3696982407,0.8546260669153695,0.7470138429
2023-01-21 22:35:00,ETHUSDT,1155238.576,1905846903.2619252,0.9271635066641636,1.3683911246,0.8549174247452466,1.0210140283
2023-01-21 22:40:00,ETHUSDT,1154960.534,1908793232.887582,0.922855325676232,1.3701992446,0.8531893745980395,1.5655177778
2023-01-21 22:45:00,ETHUSDT,1155690.051,1907873721.011242,0.9251405020606968,1.3711294254,0.853818266869372,0.9976439757
2023-01-21 22:50:00,ETHUSDT,1156277.012,1908909281.88092,0.923059659622218,1.3694904235,0.8531518903554881,0.9580878132
2023-01-21 22:55:00,ETHUSDT,1155392.891,1908101354.360616,0.9243263473053892,1.3688224186,0.853571637170726,1.3829093133
2023-01-21 23:00:00,ETHUSDT,1147830.295,1869241635.4075,0.9467529518619436,1.3699406518,0.8465804432648696,0.2260187879
2023-01-21 23:05:00,ETHUSDT,1140666.653,1870511928.5307932,0.9299435456371008,1.3742985785,0.8385653774593247,0.7617073028
2023-01-21 23:10:00,ETHUSDT,1139982.274,1869083842.0430984,0.9355634872417984,1.3762436823,0.8430164609868669,1.1834747934
2023-01-21 23:15:00,ETHUSDT,1140030.471,1870436836.4738853,0.9324651726226528,1.3751931558,0.8407048179681172,1.2385331814
2023-01-21 23:20:00,ETHUSDT,1141127.592,1867886150.6668344,0.9369400151860288,1.3761307864,0.8425673270850634,0.7065584073
2023-01-21 23:25:00,ETHUSDT,1137863.301,1855384547.2075248,0.9283249269976108,1.3791516666,0.836184561833752,0.8052705541
2023-01-21 23:30:00,ETHUSDT,1135460.53,1849143705.4924357,0.9236142748671222,1.3736344098,0.8356759114247765,1.081540464
2023-01-21 23:35:00,ETHUSDT,1136711.389,1851707525.3150384,0.9286284953395472,1.3723618428,0.8405057763309381,0.9215106923
2023-01-21 23:40:00,ETHUSDT,1135874.276,1851542826.2799177,0.9267449371176716,1.3729409629,0.8416479876222402,1.0850745121
2023-01-21 23:45:00,ETHUSDT,1134804.432,1843217446.72032,0.923342436656046,1.3765652955,0.8385628031277839,0.6587693927
2023-01-21 23:50:00,ETHUSDT,1135467.07,1844513705.2653308,0.923342436656046,1.3757882851,0.8394098425586691,1.1811213567
2023-01-21 23:55:00,ETHUSDT,1135183.099,1844160713.714306,0.924755255369204,1.375376338,0.8401607697942859,1.1318711861
