create_time,symbol,sum_open_interest,sum_open_interest_value,count_toptrader_long_short_ratio,sum_toptrader_long_short_ratio,count_long_short_ratio,sum_taker_long_short_vol_ratio
2022-11-24 00:00:00,LINKUSDT,9831412.19,65880293.08519,,,1.068687725249099,1.06767977
2022-11-24 00:05:00,LINKUSDT,9870454.09,65884584.88762303,,,1.0649529249973553,0.6629791601
2022-11-24 00:10:00,LINKUSDT,9899977.22,66626846.6906,,,1.0536314021830395,1.5380974596
2022-11-24 00:15:00,LINKUSDT,9905707.67,66675318.32677,,,1.0539267015706806,0.8622527634
2022-11-24 00:20:00,LINKUSDT,9907068.04,66218842.77936,,,1.0617829702136616,0.9267881929
2022-11-24 00:25:00,LINKUSDT,9910504.73,66153537.18190819,,,1.0628751974723538,0.8638950011
2022-11-24 00:30:00,LINKUSDT,9910076.45,66199310.686,,,1.0608321075856273,0.9297411157
2022-11-24 00:35:00,LINKUSDT,9927591.35,66286527.44395,,,1.0558752746677829,1.3859812514
2022-11-24 00:40:00,LINKUSDT,9918266.49,66085409.62287,,,1.0503973232956922,0.484661833
2022-11-24 00:45:00,LINKUSDT,9931781.62,66229362.3019968,,,1.051416030933222,0.9223377992
2022-11-24 00:50:00,LINKUSDT,9934324.09,66102992.49486,,,1.050057477270352,0.7378141796
2022-11-24 00:55:00,LINKUSDT,9929608.6,66044035.24284872,,,1.0452455590386625,0.90946175
2022-11-24 01:00:00,LINKUSDT,9919975.94,65987679.95288,,,1.0486758086464985,0.6203393518
2022-11-24 01:05:00,LINKUSDT,9902806.65,66003773.83751463,,,1.0551992429818104,1.0738952477
2022-11-24 01:10:00,LINKUSDT,9897549.46,65914018.79493222,,,1.057449494949495,0.9296427881
2022-11-24 01:15:00,LINKUSDT,9878134.79,65585215.78245699,,,1.0543730242360378,0.7427830633
2022-11-24 01:20:00,LINKUSDT,9875941.69,65625632.53005,,,1.0550923482849603,1.3597174541
2022-11-24 01:25:00,LINKUSDT,9876612.53,65628879.6854522,,,1.056259235803251,0.9434453794
2022-11-24 01:30:00,LINKUSDT,9885419.94,65935750.9998,,,1.0570221752903908,1.8865044457
2022-11-24 01:35:00,LINKUSDT,9869045.95,65816667.44055,,,1.0553272209927285,1.038169686
2022-11-24 01:40:00,LINKUSDT,9868862.31,66000206.49998297,,,1.0633541688738213,1.0259029917
2022-11-24 01:45:00,LINKUSDT,9854843.98,66275073.48729631,,,1.0740978005551998,1.3744912962
2022-11-24 01:50:00,LINKUSDT,9822567.31,66371087.31367,,,1.098473282442748,1.2957627171
2022-11-24 01:55:00,LINKUSDT,9822348.67,66428544.05521,,,1.0945078847199563,1.0854585393
2022-11-24 02:00:00,LINKUSDT,9838747.81,66854291.36895,,,1.0853645325533527,1.3012436678
2022-11-24 02:05:00,LINKUSDT,9841091.81,67678580.49821745,,,1.1156720580033463,1.7411421093
2022-11-24 02:10:00,LINKUSDT,9787297.56,66878193.68460374,,,1.099690196946227,0.6947449603
2022-11-24 02:15:00,LINKUSDT,9793690.68,66920288.41644,,,1.0962832248814385,1.157858121
2022-11-24 02:20:00,LINKUSDT,9765548.25,66578445.98084621,,,1.089880232941435,0.6826059471
2022-11-24 02:25:00,LINKUSDT,9757415.75,66408971.5945,,,1.0871282782837703,1.0521149164
2022-11-24 02:30:00,LINKUSDT,9726325.35,65822886.86715803,,,1.079811692577184,0.5530595438
2022-11-24 02:35:00,LINKUSDT,9717923.63,65675633.77072232,,,1.076486013986014,0.7258719248
2022-11-24 02:40:00,LINKUSDT,9720494.73,65817469.81683,,,1.0760004361574529,1.8133437021
2022-11-24 02:45:00,LINKUSDT,9733671.14,65770415.89298,,,1.0827322404371584,0.5242241434
2022-11-24 02:50:00,LINKUSDT,9736209.01,65777828.07156,,,1.0833424477742537,0.7801536525
2022-11-24 02:55:00,LINKUSDT,9730024.0,65833342.384,,,1.0869612776197768,0.9588218658
2022-11-24 03:00:00,LINKUSDT,9735639.61,65709709.14107747,,,1.0855708360619951,0.6487611869
2022-11-24 03:05:00,LINKUSDT,9743658.62,65675375.41313644,,,1.0832333369695648,0.7240971895
2022-11-24 03:10:00,LINKUSDT,9748037.95,65701775.783,,,1.0832696715049657,1.2507026361
2022-11-24 03:15:00,LINKUSDT,9754180.46,65685955.1564839,,,1.0873988186392474,0.9252720762
2022-11-24 03:20:00,LINKUSDT,9746494.6,65876557.0014,,,1.0909289856658275,2.187543846
2022-11-24 03:25:00,LINKUSDT,9746439.39,65924916.03396,,,1.0956397896581946,1.2696433851
2022-11-24 03:30:00,LINKUSDT,9725727.91,65977957.08807678,,,1.0950191570881227,1.9136229032
2022-11-24 03:35:00,LINKUSDT,9729096.82,66016693.65652634,,,1.0985529489147117,1.068161122
2022-11-24 03:40:00,LINKUSDT,9750427.3,66156649.2305,,,1.0957120980091883,1.2395123885
2022-11-24 03:45:00,LINKUSDT,9735529.9,65876937.41699806,,,1.0958529379582012,0.7299196876
2022-11-24 03:50:00,LINKUSDT,9740948.28,65954257.98871117,,,1.097504924491136,0.6294331402
2022-11-24 03:55:00,LINKUSDT,9768617.09,66176389.59420253,,,1.0935212498634328,1.2851277503
2022-11-24 04:00:00,LINKUSDT,9768054.14,66255557.52674553,,,1.0904429413048222,1.3430497908
2022-11-24 04:05:00,LINKUSDT,9773147.29,66217085.93949022,,,1.0887412891986064,0.6890694375
2022-11-24 04:10:00,LINKUSDT,9743159.64,65980677.08208,,,1.0913057706992473,0.9590373026
2022-11-24 04:15:00,LINKUSDT,9746365.6,65895598.08488467,,,1.093569166939622,1.2941549604
2022-11-24 04:20:00,LINKUSDT,9744328.45,65783961.36595,,,1.0924956369982548,1.10207706
2022-11-24 04:25:00,LINKUSDT,9729715.06,65621150.47760022,,,1.0948793536412271,0.5944763976
2022-11-24 04:30:00,LINKUSDT,9687554.99,65071306.86783,,,1.0876254910519425,0.5025011691
2022-11-24 04:35:00,LINKUSDT,9697548.15,65196616.21245,,,1.0881936116864712,0.8219531375
2022-11-24 04:40:00,LINKUSDT,9701089.82,65239810.99547294,,,1.0875530872263963,0.791368477
2022-11-24 04:45:00,LINKUSDT,9758235.97,65492909.89740791,,,1.0938387590124536,0.3224590654
2022-11-24 04:50:00,LINKUSDT,9768145.36,65680027.1159426,,,1.0916921064108156,1.8894524935
2022-11-24 04:55:00,LINKUSDT,9781042.08,65801749.02925981,,,1.0941420311988654,0.9890104956
2022-11-24 05:00:00,LINKUSDT,9781307.58,65769512.16792,,,1.0923043430935018,0.741152402
2022-11-24 05:05:00,LINKUSDT,9791779.13,65751796.85795,,,1.090691605045672,0.6950356569
2022-11-24 05:10:00,LINKUSDT,9794030.77,65678770.34362,,,1.087555603775632,0.5634257236
2022-11-24 05:15:00,LINKUSDT,9757802.64,65249688.66137844,,,1.0884657236126225,0.7818070071
2022-11-24 05:20:00,LINKUSDT,9754125.63,65303871.09285,,,1.0883569096844397,1.0351549896
2022-11-24 05:25:00,LINKUSDT,9760231.04,65404044.21806273,,,1.0864800347222223,1.2564683439
2022-11-24 05:30:00,LINKUSDT,9755371.66,65450288.74554759,,,1.0871828236824983,1.4977196
2022-11-24 05:35:00,LINKUSDT,9755073.94,65452096.65307449,,,1.090001085658452,1.1301551269
2022-11-24 05:40:00,LINKUSDT,9761497.54,65421556.51308,,,1.09029810298103,0.7996492381
2022-11-24 05:45:00,LINKUSDT,9758307.94,65420295.78503367,,,1.0873093151574165,1.0946471141
2022-11-24 05:50:00,LINKUSDT,9764573.41,65588639.59497,,,1.084762212876092,1.5061951073
2022-11-24 05:55:00,LINKUSDT,9762840.74,65479372.84318,,,1.0848060344827586,1.3489101932
2022-11-24 06:00:00,LINKUSDT,9771697.01,65384616.38783237,,,1.0843114030365026,0.5587751271
2022-11-24 06:05:00,LINKUSDT,9767701.26,65423716.77447033,,,1.0801030817137336,0.9283657377
2022-11-24 06:10:00,LINKUSDT,9769540.43,65485229.50229,,,1.079957127545552,0.7699402223
2022-11-24 06:15:00,LINKUSDT,9772712.52,65578532.4514453,,,1.0802013063497162,0.9605260523
2022-11-24 06:20:00,LINKUSDT,9765970.81,65549196.07672,,,1.0847275847275848,0.8863349701
2022-11-24 06:25:00,LINKUSDT,9771161.42,65490640.93137859,,,1.0858184938854325,1.2885169751
2022-11-24 06:30:00,LINKUSDT,9767182.09,65401051.27464,,,1.087152516904583,1.00247568
2022-11-24 06:35:00,LINKUSDT,9769192.96,65663558.28630403,,,1.09,2.1126055625
2022-11-24 06:40:00,LINKUSDT,9778754.83,65752347.47692,,,1.088731335266946,1.6560973191
2022-11-24 06:45:00,LINKUSDT,9796517.79,65940361.24449,,,1.091945370469943,1.1303060677
2022-11-24 06:50:00,LINKUSDT,9789493.49,65712618.5150321,,,1.1002806563039724,0.5411581845
2022-11-24 06:55:00,LINKUSDT,9795861.56,65796302.58648435,,,1.100722527768791,1.5404685758
2022-11-24 07:00:00,LINKUSDT,9817178.26,66211080.23528751,,,1.0998492029297715,1.3826622967
2022-11-24 07:05:00,LINKUSDT,9827952.11,66116478.53883543,,,1.1130868480971483,0.7455458615
2022-11-24 07:10:00,LINKUSDT,9908457.75,66543958.34121407,,,1.117863321799308,0.3966866892
2022-11-24 07:15:00,LINKUSDT,9942014.76,66790455.15768,,,1.1121535641108595,0.7802473795
2022-11-24 07:20:00,LINKUSDT,9941391.54,66848888.89278872,,,1.1149239235998705,0.7017765286
2022-11-24 07:25:00,LINKUSDT,9944306.67,66961674.22409637,,,1.115704263356719,1.3917624903
2022-11-24 07:30:00,LINKUSDT,9947700.89,66962542.67483868,,,1.114800043117387,0.9851045848
2022-11-24 07:35:00,LINKUSDT,9949119.24,67086911.03532,,,1.1154923507864685,1.3344336655
2022-11-24 07:40:00,LINKUSDT,9958521.72,67137487.27410376,,,1.1141351118760758,1.282620636
2022-11-24 07:45:00,LINKUSDT,9970680.31,67356166.88067965,,,1.1147893379191745,0.7699207471
2022-11-24 07:50:00,LINKUSDT,9992740.61,67441850.56361674,,,1.110860941353061,1.3928380223
2022-11-24 07:55:00,LINKUSDT,9975533.37,67031912.35232183,,,1.1162865748709123,0.382037611
2022-11-24 08:00:00,LINKUSDT,9991044.32,66930005.89968,,,1.108866200967222,0.4798452912
2022-11-24 08:05:00,LINKUSDT,9980743.21,66711287.61564,,,1.103721977904108,0.8263635073
2022-11-24 08:10:00,LINKUSDT,9964276.92,66424816.98326186,,,1.1007434543691412,0.9083071902
2022-11-24 08:15:00,LINKUSDT,9925293.76,66300962.3168,,,1.1026304441569643,1.3630267963
2022-11-24 08:20:00,LINKUSDT,9922045.95,66289188.99195,,,1.1019683768957729,1.0431476209
2022-11-24 08:25:00,LINKUSDT,9923110.57,66556494.90580823,,,1.096298687325156,1.5376899013
2022-11-24 08:30:00,LINKUSDT,9901234.59,66190423.34970705,,,1.110071785947357,0.7087269265
2022-11-24 08:35:00,LINKUSDT,9907487.86,66380168.662,,,1.1052746057640022,0.9828042657
2022-11-24 08:40:00,LINKUSDT,9902858.92,66299640.4694,,,1.1099368054042276,0.8292208767
2022-11-24 08:45:00,LINKUSDT,9910194.36,66580049.62685356,,,1.110421430904933,1.0380900271
2022-11-24 08:50:00,LINKUSDT,9907682.58,66539996.20728,,,1.1130349558967658,0.8413570541
2022-11-24 08:55:00,LINKUSDT,9910020.38,66615310.8969765,,,1.1128523234301884,0.569400064
2022-11-24 09:00:00,LINKUSDT,9907053.02,66554963.79011049,,,1.1113767249809845,1.2985645942
2022-11-24 09:05:00,LINKUSDT,9896734.55,66416985.56505,,,1.11166684788518,0.6620565214
2022-11-24 09:10:00,LINKUSDT,9906656.35,66609991.98412988,,,1.1115572436245251,0.8356790117
2022-11-24 09:15:00,LINKUSDT,9927473.7,66755544.69654195,,,1.110654851955911,1.1218517643
2022-11-24 09:20:00,LINKUSDT,9937261.42,66472867.69023296,,,1.1153305203938115,0.9304238572
2022-11-24 09:25:00,LINKUSDT,9955649.6,66464013.99629659,,,1.126546559583243,0.8541456694
2022-11-24 09:30:00,LINKUSDT,9956282.06,66893006.443791,,,1.1307750842482878,1.4424557927
2022-11-24 09:35:00,LINKUSDT,9965910.25,66931053.239,,,1.1279384682049616,0.9731453105
2022-11-24 09:40:00,LINKUSDT,9969165.71,66962886.07407,,,1.1288682103440817,1.2777404116
2022-11-24 09:45:00,LINKUSDT,9979561.18,66992794.20134,,,1.1297297297297295,0.9624088926
2022-11-24 09:50:00,LINKUSDT,9979309.47,66881332.06794,,,1.131991777561398,0.5481241243
2022-11-24 09:55:00,LINKUSDT,9995957.9,67042889.6353,,,1.1299276379738632,0.6578297087
2022-11-24 10:00:00,LINKUSDT,10003606.55,67079599.67098535,,,1.1309935205183586,0.8150992538
2022-11-24 10:05:00,LINKUSDT,9982514.6,66913899.33008961,,,1.1344219746944957,1.0241041601
2022-11-24 10:10:00,LINKUSDT,9994423.21,67003236.55201561,,,1.1365062195781503,1.0914626348
2022-11-24 10:15:00,LINKUSDT,10018218.39,67242281.83368,,,1.1397814562371524,0.9664541268
2022-11-24 10:20:00,LINKUSDT,10040220.08,67309635.41632,,,1.1399805131536214,0.4851292911
2022-11-24 10:25:00,LINKUSDT,10042254.65,67343359.6829,,,1.1375581269600952,0.9081628777
2022-11-24 10:30:00,LINKUSDT,10056207.57,67362317.03853722,,,1.142934547030776,0.4279958597
2022-11-24 10:35:00,LINKUSDT,10039912.88,66894742.46062732,,,1.143059181897302,0.7364806906
2022-11-24 10:40:00,LINKUSDT,9902437.42,65823611.7401542,,,1.1445862676056338,0.8987346373
2022-11-24 10:45:00,LINKUSDT,9880989.27,65525732.32239715,,,1.149812734082397,1.0953017879
2022-11-24 10:50:00,LINKUSDT,9882829.95,65157497.86035,,,1.1567482596002694,0.5173433975
2022-11-24 10:55:00,LINKUSDT,9880273.76,65405404.12555828,,,1.1596941070625282,1.1226583241
2022-11-24 11:00:00,LINKUSDT,9918665.45,65953127.822249,,,1.1553060078607524,2.1532499748
2022-11-24 11:05:00,LINKUSDT,9917992.57,65876498.69346699,,,1.1578888265019651,0.9478053535
2022-11-24 11:10:00,LINKUSDT,9901490.95,65773557.94070046,,,1.154500671742051,0.5957159997
2022-11-24 11:15:00,LINKUSDT,9896895.09,65673036.1670131,,,1.1542410714285714,0.7852453429
2022-11-24 11:20:00,LINKUSDT,9885548.11,65463662.29186523,,,1.1467512238540276,0.4702154365
2022-11-24 11:25:00,LINKUSDT,9909532.55,65789386.59945,,,1.1438864870856889,1.2555347131
2022-11-24 11:30:00,LINKUSDT,9906230.37,65807088.34791,,,1.1423668770065316,0.8250035445
2022-11-24 11:35:00,LINKUSDT,9916033.5,66030867.0765,,,1.13854822671528,1.1797959868
2022-11-24 11:40:00,LINKUSDT,9914431.0,66087156.21223211,,,1.1425254312251216,1.1531874827
2022-11-24 11:45:00,LINKUSDT,9913674.77,66050912.77184703,,,1.1409662475182,0.7489968259
2022-11-24 11:50:00,LINKUSDT,9917490.49,66140316.21783637,,,1.143109151047409,1.4238821236
2022-11-24 11:55:00,LINKUSDT,9923507.29,66140977.01412337,,,1.141316310807836,0.9240753653
2022-11-24 12:00:00,LINKUSDT,9920379.64,66187647.78862123,,,1.1445730027548209,1.4175315071
2022-11-24 12:05:00,LINKUSDT,9927103.45,66329043.31184485,,,1.1436269657978666,1.0777683373
2022-11-24 12:10:00,LINKUSDT,9931557.3,66307516.04022867,,,1.145968540314597,0.9352023983
2022-11-24 12:15:00,LINKUSDT,9946484.31,66198238.28905259,,,1.1401991901061617,0.7692665631
2022-11-24 12:20:00,LINKUSDT,9938211.88,66118923.63764,,,1.142418930762489,0.4871785362
2022-11-24 12:25:00,LINKUSDT,9941096.34,66167937.23904,,,1.1354916067146283,1.0290017122
2022-11-24 12:30:00,LINKUSDT,9942757.91,66288366.98597,,,1.135002721829069,1.1173772937
2022-11-24 12:35:00,LINKUSDT,9939024.6,66521891.6478,,,1.132005658940037,2.1098921296
2022-11-24 12:40:00,LINKUSDT,9976219.36,66471549.59568,,,1.1183660340945645,0.8361396613
2022-11-24 12:45:00,LINKUSDT,9962353.25,66076488.070991,,,1.1100299401197604,0.7015616275
2022-11-24 12:50:00,LINKUSDT,9959116.88,66068781.38192,,,1.0978768577494693,0.9447385834
2022-11-24 12:55:00,LINKUSDT,9963346.65,66245360.00403783,,,1.1036910603797738,1.8627567218
2022-11-24 13:00:00,LINKUSDT,9938937.91,66201216.40707047,,,1.1064329985039538,0.8509901861
2022-11-24 13:05:00,LINKUSDT,9953564.28,66420134.44044,,,1.10959050572009,0.9965646868
2022-11-24 13:10:00,LINKUSDT,9958231.46,66471194.9955,,,1.1138359391732706,1.0428243398
2022-11-24 13:15:00,LINKUSDT,9955123.93,66340945.86952,,,1.1117169125507804,0.7317481142
2022-11-24 13:20:00,LINKUSDT,9954789.23,66348670.21795,,,1.111764077358692,1.0261571816
2022-11-24 13:25:00,LINKUSDT,9964121.6,66470673.92614861,,,1.1086585625933034,1.0706367315
2022-11-24 13:30:00,LINKUSDT,9945787.45,66507480.67815,,,1.1109570041608876,2.0532385913
2022-11-24 13:35:00,LINKUSDT,10008892.04,67384845.24116024,,,1.125974025974026,1.4186736622
2022-11-24 13:40:00,LINKUSDT,10033078.32,67613941.28272292,,,1.1357756277856288,1.0760080881
2022-11-24 13:45:00,LINKUSDT,9976512.91,67355147.62361455,,,1.1365165491047209,0.9973101448
2022-11-24 13:50:00,LINKUSDT,10030035.42,68140703.49032457,,,1.1311173668254657,1.3145488404
2022-11-24 13:55:00,LINKUSDT,10079982.79,68867763.60462429,,,1.1071352046282408,1.1538041926
2022-11-24 14:00:00,LINKUSDT,10153894.3,69066789.0286,,,1.08414852214158,0.9480956211
2022-11-24 14:05:00,LINKUSDT,10154995.3,68871178.1246,,,1.0712194101652377,1.0812186701
2022-11-24 14:10:00,LINKUSDT,10167035.2,68820661.2688,,,1.0723849372384937,0.9470244102
2022-11-24 14:15:00,LINKUSDT,10165345.58,68540460.42285435,,,1.0507238936235752,0.6812451704
2022-11-24 14:20:00,LINKUSDT,10155512.28,68009379.79693769,,,1.0540793024704174,0.9095620028
2022-11-24 14:25:00,LINKUSDT,10153746.95,68154500.65732118,,,1.059135866736075,1.089797718
2022-11-24 14:30:00,LINKUSDT,10141921.71,68214565.42146,,,1.0562357335546797,1.262837098
2022-11-24 14:35:00,LINKUSDT,10097106.16,68347311.59704,,,1.0465761875385564,1.5946732613
2022-11-24 14:40:00,LINKUSDT,10122257.31,68371859.14988928,,,1.0394118848274454,0.8202240081
2022-11-24 14:45:00,LINKUSDT,10108505.77,68161654.40711,,,1.039628230007149,1.1650631706
2022-11-24 14:50:00,LINKUSDT,10134153.78,68547756.37146239,,,1.038578990228013,1.1686379927
2022-11-24 14:55:00,LINKUSDT,10117669.52,68592403.18773821,,,1.0312246553122466,1.1974805597
2022-11-24 15:00:00,LINKUSDT,10198887.54,69681058.62488124,,,1.02636062944773,1.2174125185
2022-11-24 15:05:00,LINKUSDT,10336341.11,70473173.68798,,,0.9981348777854128,1.0407033423
2022-11-24 15:10:00,LINKUSDT,10367855.05,70356662.80596957,,,0.9835105863986732,0.9432952179
2022-11-24 15:15:00,LINKUSDT,10401418.85,70739348.12716275,,,0.9810771470160116,1.0598985426
2022-11-24 15:20:00,LINKUSDT,10550147.92,72089979.63984156,,,0.9701935978531724,0.9095297768
2022-11-24 15:25:00,LINKUSDT,10687000.09,73588973.6615556,,,0.9869243341986348,1.4148361333
2022-11-24 15:30:00,LINKUSDT,10730768.66,73636425.84289633,,,0.9795374512229942,0.751638505
2022-11-24 15:35:00,LINKUSDT,10705315.55,73277884.93975,,,0.969181319720174,0.9762494843
2022-11-24 15:40:00,LINKUSDT,10722394.29,73523457.64653,,,0.96633756464504,1.2821187715
2022-11-24 15:45:00,LINKUSDT,10726065.39,73553995.0208348,,,0.9664825390881004,0.7403662422
2022-11-24 15:50:00,LINKUSDT,10718965.33,73382036.64918,,,0.9555369127516778,0.9746462289
2022-11-24 15:55:00,LINKUSDT,10749539.86,73892336.99764,,,0.9556050896257082,1.2605545525
2022-11-24 16:00:00,LINKUSDT,10779755.54,73959681.02036855,,,0.948668325499954,1.0286676724
2022-11-24 16:05:00,LINKUSDT,10816800.09,74059342.01717064,,,0.9444648093841642,1.0455247889
2022-11-24 16:10:00,LINKUSDT,10885154.84,75308857.22355902,,,0.9599250936329587,1.8031867691
2022-11-24 16:15:00,LINKUSDT,10827929.04,74975435.99784786,,,0.9681788048110616,1.1406951686
2022-11-24 16:20:00,LINKUSDT,10834238.48,74817192.87051493,,,0.9703829466138464,1.007591398
2022-11-24 16:25:00,LINKUSDT,10792440.64,74093753.05438513,,,0.9768281101614434,0.9396282022
2022-11-24 16:30:00,LINKUSDT,10728407.63,73253856.5355097,,,0.9725243274184316,0.7710132812
2022-11-24 16:35:00,LINKUSDT,10700988.76,72873733.4556,,,0.9643400532521872,1.0045043394
2022-11-24 16:40:00,LINKUSDT,10675118.26,73202237.68577008,,,0.9778396009209516,1.5762192661
2022-11-24 16:45:00,LINKUSDT,10693298.0,73190409.26083349,,,0.9771269977988324,1.0973369517
2022-11-24 16:50:00,LINKUSDT,10701705.81,73328088.21012,,,0.9744956223829464,1.3059206341
2022-11-24 16:55:00,LINKUSDT,10731887.37,73834058.00040783,,,0.9725076103500762,1.1663053676
2022-11-24 17:00:00,LINKUSDT,10725176.77,73718007.11719796,,,0.9697343453510436,0.917764822
2022-11-24 17:05:00,LINKUSDT,10717007.06,73679136.53605093,,,0.9645624645624644,0.9662049035
2022-11-24 17:10:00,LINKUSDT,10748274.97,73918543.94226259,,,0.965738555922605,1.1490422119
2022-11-24 17:15:00,LINKUSDT,10717970.7,73375227.4122,,,0.969705576067405,0.441855238
2022-11-24 17:20:00,LINKUSDT,10723404.83,73270686.42879657,,,0.9494846318135388,0.9132774328
2022-11-24 17:25:00,LINKUSDT,10741433.7,73449923.6406,,,0.9223501889508728,0.675358673
2022-11-24 17:30:00,LINKUSDT,10779027.05,73637051.67028716,,,0.9077127659574468,1.7704364131
2022-11-24 17:35:00,LINKUSDT,10796698.68,73787147.06815733,,,0.8962379702537183,0.7968777829
2022-11-24 17:40:00,LINKUSDT,10823651.44,73914715.68376,,,0.8876462938881664,0.9808563923
2022-11-24 17:45:00,LINKUSDT,10836371.71,74204304.48153713,,,0.8771179188772891,1.2035173198
2022-11-24 17:50:00,LINKUSDT,10862328.92,74363503.78632,,,0.8603833598392902,0.9564846647
2022-11-24 17:55:00,LINKUSDT,10888733.98,74547508.30549482,,,0.8562734472696957,1.4782737357
2022-11-24 18:00:00,LINKUSDT,10901944.65,74582676.45679386,,,0.8560366361365529,0.7303610726
2022-11-24 18:05:00,LINKUSDT,10897238.98,74491503.13972531,,,0.8486052479099412,0.8846276968
2022-11-24 18:10:00,LINKUSDT,10872466.37,74128475.71066,,,0.843310732594675,0.7512363978
2022-11-24 18:15:00,LINKUSDT,10897870.76,74377967.937,,,0.8456575682382134,1.1519529897
2022-11-24 18:20:00,LINKUSDT,10909721.14,74691500.94769895,,,0.8441033259057522,1.2944316849
2022-11-24 18:25:00,LINKUSDT,10927148.01,74598767.80567324,,,0.8399014778325123,0.8210436971
2022-11-24 18:30:00,LINKUSDT,10931782.15,74691254.17945161,,,0.8381858443369147,1.6483658979
2022-11-24 18:35:00,LINKUSDT,10933296.82,74711503.24207938,,,0.8378378378378378,1.1285195759
2022-11-24 18:40:00,LINKUSDT,10938874.75,74811848.93266228,,,0.836813231802178,1.0189396003
2022-11-24 18:45:00,LINKUSDT,10949728.37,74677246.03095533,,,0.8364455364455364,0.9486265466
2022-11-24 18:50:00,LINKUSDT,10939674.29,74622291.10193555,,,0.8363636363636363,1.0163215678
2022-11-24 18:55:00,LINKUSDT,10933949.37,74824700.49852668,,,0.8339468302658487,1.531884608
2022-11-24 19:00:00,LINKUSDT,10938853.68,74949481.11737914,,,0.834354825529133,1.2744223247
2022-11-24 19:05:00,LINKUSDT,10944039.66,74979549.52246793,,,0.8347499182739457,0.7823670839
2022-11-24 19:10:00,LINKUSDT,10940228.95,74776464.87325,,,0.8366494718742323,0.5213985413
2022-11-24 19:15:00,LINKUSDT,10940359.99,74722658.7317,,,0.8364857119462867,1.1176519597
2022-11-24 19:20:00,LINKUSDT,10947713.29,74597718.35806,,,0.8353528737514327,0.4712704399
2022-11-24 19:25:00,LINKUSDT,10941573.65,74624543.52348422,,,0.8365290068829891,1.3210660942
2022-11-24 19:30:00,LINKUSDT,10935494.76,74604153.12911205,,,0.838050701452129,0.9646579156
2022-11-24 19:35:00,LINKUSDT,10929556.1,74532797.3701736,,,0.8387493845396357,0.6997612611
2022-11-24 19:40:00,LINKUSDT,10915506.12,74443751.7384,,,0.8332787422207665,1.0476517173
2022-11-24 19:45:00,LINKUSDT,10917671.72,74414850.44352,,,0.8329513832051072,1.0969614888
2022-11-24 19:50:00,LINKUSDT,10912846.34,74395446.53069004,,,0.8337698477655917,0.8945759113
2022-11-24 19:55:00,LINKUSDT,10912475.9,74344444.44392762,,,0.8322570097277855,0.619455699
2022-11-24 20:00:00,LINKUSDT,10914950.85,74450879.74785,,,0.8314817840222186,1.2674240781
2022-11-24 20:05:00,LINKUSDT,10927555.02,74539593.09439236,,,0.8349292086095426,0.7373911268
2022-11-24 20:10:00,LINKUSDT,10927546.13,74635140.0679,,,0.8372455679579777,1.56592627
2022-11-24 20:15:00,LINKUSDT,10948215.21,74655879.51699,,,0.8401875308438888,0.5761771869
2022-11-24 20:20:00,LINKUSDT,10933020.1,74608658.54751942,,,0.8396808423130706,1.200974332
2022-11-24 20:25:00,LINKUSDT,10917738.52,74499681.52927889,,,0.8393782383419689,0.8513768342
2022-11-24 20:30:00,LINKUSDT,10916304.24,74318199.26592,,,0.8403063745676166,1.0502858671
2022-11-24 20:35:00,LINKUSDT,10946667.83,74481127.91532,,,0.839036859899398,1.2770892407
2022-11-24 20:40:00,LINKUSDT,10946190.44,74576395.46772,,,0.838943894389439,0.8579950621
2022-11-24 20:45:00,LINKUSDT,10941383.33,74467054.94398,,,0.8381455205411649,1.1917548408
2022-11-24 20:50:00,LINKUSDT,10902684.85,74421726.7861,,,0.8383020893550251,1.6657171532
2022-11-24 20:55:00,LINKUSDT,10906442.36,74469188.43408,,,0.8385231684149665,0.7976671789
2022-11-24 21:00:00,LINKUSDT,10907695.9,74379578.3421,,,0.8407606448945846,0.7126435463
2022-11-24 21:05:00,LINKUSDT,10920026.08,74878618.83056,,,0.8408261446582614,1.2382023418
2022-11-24 21:10:00,LINKUSDT,10947468.91,74935424.68895,,,0.8384851247203116,0.9295635349
2022-11-24 21:15:00,LINKUSDT,10948109.44,74997021.96607374,,,0.8382474739108828,1.0661584348
2022-11-24 21:20:00,LINKUSDT,10948906.03,74829691.80213,,,0.8375403459405777,0.6477904242
2022-11-24 21:25:00,LINKUSDT,10922445.65,74545691.56125,,,0.8390871369294606,0.6647989101
2022-11-24 21:30:00,LINKUSDT,10931258.88,74524762.0853849,,,0.8434666888463778,0.6102380227
2022-11-24 21:35:00,LINKUSDT,10887879.63,73765384.49325,,,0.8464504232671193,0.7946366144
2022-11-24 21:40:00,LINKUSDT,10826271.66,73434600.66978,,,0.8461991254624958,0.9098093745
2022-11-24 21:45:00,LINKUSDT,10823133.46,73380844.8588,,,0.8500716755207016,0.5631955681
2022-11-24 21:50:00,LINKUSDT,10820204.75,73452224.71246223,,,0.8507374631268436,0.9457279156
2022-11-24 21:55:00,LINKUSDT,10814181.62,73423252.06089602,,,0.8501052631578947,0.6441629736
2022-11-24 22:00:00,LINKUSDT,10789859.78,73322840.75535949,,,0.8476030277544154,1.3361082936
2022-11-24 22:05:00,LINKUSDT,10805038.1,73593481.54624426,,,0.8470528882535946,1.2588418425
2022-11-24 22:10:00,LINKUSDT,10797968.09,73433380.18167102,,,0.8504468049232844,0.7086279373
2022-11-24 22:15:00,LINKUSDT,10791805.81,73339377.28613992,,,0.8538727933102458,0.5686497744
2022-11-24 22:20:00,LINKUSDT,10802293.18,73457503.36141129,,,0.8525613975862942,0.9838664446
2022-11-24 22:25:00,LINKUSDT,10805732.66,73639082.74063838,,,0.8499578770008425,1.9388916002
2022-11-24 22:30:00,LINKUSDT,10802165.43,73546153.37198298,,,0.8500210526315789,0.6653841525
2022-11-24 22:35:00,LINKUSDT,10803292.36,73635240.72576,,,0.8494777628032345,1.1739183642
2022-11-24 22:40:00,LINKUSDT,10825250.47,73999007.16702308,,,0.8489403022882716,1.9031370306
2022-11-24 22:45:00,LINKUSDT,10811172.25,73807872.95075,,,0.8495186623881101,0.7734988123
2022-11-24 22:50:00,LINKUSDT,10833145.45,74253097.92547649,,,0.8485130111524164,1.8129960462
2022-11-24 22:55:00,LINKUSDT,10850928.82,74299782.47030884,,,0.8503338122200625,0.4476946365
2022-11-24 23:00:00,LINKUSDT,10851006.72,74307694.01856,,,0.8521621392908522,0.7560697143
2022-11-24 23:05:00,LINKUSDT,10849109.95,74193337.90614867,,,0.8555207185831709,0.9560097023
2022-11-24 23:10:00,LINKUSDT,10841475.81,74003913.87906,,,0.8555094435504362,0.6764964507
2022-11-24 23:15:00,LINKUSDT,10848374.08,74203281.61581333,,,0.8547254420847787,1.0229466484
2022-11-24 23:20:00,LINKUSDT,10859548.6,74212656.08031125,,,0.8566830425207521,0.8152007341
2022-11-24 23:25:00,LINKUSDT,10862181.16,74416556.33840404,,,0.8575302991778965,1.0967147769
2022-11-24 23:30:00,LINKUSDT,10858511.98,74405671.86099789,,,0.858438586081207,1.1502144455
2022-11-24 23:35:00,LINKUSDT,10861384.56,74259286.23672,,,0.858450584844889,0.7231264989
2022-11-24 23:40:00,LINKUSDT,10866778.6,74335631.68939063,,,0.8574697059571222,1.1090570895
2022-11-24 23:45:00,LINKUSDT,10855745.05,74064816.85096525,,,0.8600390194248876,0.5351452349
2022-11-24 23:50:00,LINKUSDT,10855609.47,73991834.14752,,,0.8652602926165363,0.8184689538
2022-11-24 23:55:00,LINKUSDT,10852739.89,74015686.0498,,,0.8652946679139383,1.2674088851
