create_time,symbol,sum_open_interest,sum_open_interest_value,count_toptrader_long_short_ratio,sum_toptrader_long_short_ratio,count_long_short_ratio,sum_taker_long_short_vol_ratio
2024-07-01 00:05:01,LINKUSDT,3978389.22,56796040.763100736,1.81224209,1.432459,1.82226294,0.87954
2024-07-01 00:10:00,LINKUSDT,3978670.59,56721628.812717214,1.81340372,1.430105,1.82101405,0.910468
2024-07-01 00:15:00,LINKUSDT,3976862.81,56721994.25903,1.80830085,1.429516,1.81301432,0.711032
2024-07-01 00:20:00,LINKUSDT,3979759.76,57012790.428289644,1.80091533,1.424256,1.81102482,1.226173
2024-07-01 00:25:00,LINKUSDT,3976435.78,56959501.61636147,1.79917658,1.42434,1.80717762,0.594474
2024-07-01 00:30:00,LINKUSDT,3974485.95,56915518.07952672,1.8006865,1.424569,1.81025563,0.536339
2024-07-01 00:35:00,LINKUSDT,3973893.51,56901923.979302034,1.79538707,1.426279,1.79591528,0.818371
2024-07-01 00:40:00,LINKUSDT,3971020.67,56928552.32512,1.80302336,1.430569,1.80330604,0.672639
2024-07-01 00:45:03,LINKUSDT,3976235.5,57003850.8681479,1.79446731,1.426022,1.80410023,1.267003
2024-07-01 00:50:00,LINKUSDT,3967465.19,56565917.21193537,1.80887764,1.426342,1.81310976,0.326628
2024-07-01 00:55:00,LINKUSDT,3968853.71,56651417.85654,1.8153527,1.425525,1.81697451,1.370534
2024-07-01 01:00:00,LINKUSDT,3971171.63,56693726.97215411,1.81313364,1.423144,1.81580955,0.692772
2024-07-01 01:05:02,LINKUSDT,3973690.66,56664472.60996924,1.82041194,1.426221,1.81521075,0.929402
2024-07-01 01:10:00,LINKUSDT,3975531.62,56806371.31818,1.80833909,1.423453,1.80142814,0.902949
2024-07-01 01:15:00,LINKUSDT,3966944.05,56981184.3342,1.80660051,1.4196,1.79853926,1.017322
2024-07-01 01:20:00,LINKUSDT,3954055.78,56761620.75902361,1.8233929,1.407905,1.81161192,0.412566
2024-07-01 01:25:00,LINKUSDT,3946188.71,56784271.09551487,1.82581395,1.409802,1.81715161,1.022536
2024-07-01 01:30:00,LINKUSDT,3945012.42,56823958.89768,1.81811847,1.411317,1.81246173,1.144199
2024-07-01 01:35:00,LINKUSDT,3941252.96,56740984.58293052,1.81377551,1.413879,1.80868634,0.788919
2024-07-01 01:40:00,LINKUSDT,3947695.23,56760623.01902931,1.82225836,1.418336,1.81520074,0.456351
2024-07-01 01:45:00,LINKUSDT,3950010.17,56824846.30562,1.8213705,1.417763,1.81104651,1.147081
2024-07-01 01:50:00,LINKUSDT,3956692.69,57027811.74097,1.80910562,1.413937,1.80772165,1.656311
2024-07-01 01:55:00,LINKUSDT,3952219.22,56927765.64488,1.80674209,1.412831,1.80759841,0.933088
2024-07-01 02:00:00,LINKUSDT,3949867.72,56866245.56484,1.80419742,1.412892,1.80588594,0.855485
2024-07-01 02:05:00,LINKUSDT,3957517.35,56926546.99974094,1.817239,1.411569,1.80604496,0.496276
2024-07-01 02:10:00,LINKUSDT,3955421.26,57001575.77786,1.81692414,1.412365,1.80194116,0.844399
2024-07-01 02:15:00,LINKUSDT,3952690.24,56802384.74583556,1.81933549,1.413127,1.80583409,0.895186
2024-07-01 02:20:00,LINKUSDT,3953274.74,56849618.82048525,1.82297204,1.414655,1.80437424,1.15503
2024-07-01 02:25:00,LINKUSDT,3956744.3,56741374.58022924,1.88984831,1.444683,1.80525996,0.690941
2024-07-01 02:30:01,LINKUSDT,3955615.47,56773011.85512665,1.88539483,1.441927,1.8016391,1.22923
2024-07-01 02:35:02,LINKUSDT,3940533.91,56385099.71819,1.88134016,1.444254,1.79369888,0.965417
2024-07-01 02:40:00,LINKUSDT,3940148.37,56375642.87796,1.88329839,1.444321,1.79107413,1.199373
2024-07-01 02:45:00,LINKUSDT,3941274.51,56499410.971716724,1.87473904,1.444195,1.77671068,1.010858
2024-07-01 02:50:00,LINKUSDT,3942750.97,56570590.91756,1.87253766,1.445685,1.77356511,0.986248
2024-07-01 02:55:00,LINKUSDT,3941551.99,56462807.658639565,1.87184241,1.445605,1.77077407,1.097782
2024-07-01 03:00:01,LINKUSDT,3935815.38,56380786.19343019,1.87034036,1.443152,1.7769946,0.432175
2024-07-01 03:05:01,LINKUSDT,3935142.25,56382718.158,1.86860976,1.444462,1.76981753,1.226981
2024-07-01 03:10:00,LINKUSDT,3933759.46,56351104.2645,1.86970609,1.444452,1.77468165,0.565898
2024-07-01 03:15:00,LINKUSDT,3935696.76,56429337.61634788,1.86751445,1.441246,1.77351708,1.123221
2024-07-01 03:20:00,LINKUSDT,3934973.72,56324739.545697525,1.86435986,1.44408,1.76961004,1.026546
2024-07-01 03:25:00,LINKUSDT,3930480.33,56195098.45610455,1.86475883,1.442737,1.77426603,0.437859
2024-07-01 03:30:00,LINKUSDT,3929202.03,56201931.79517011,1.86320646,1.442957,1.76883971,1.137318
2024-07-01 03:35:00,LINKUSDT,3931274.99,56131721.77943351,1.86592695,1.443522,1.76889687,0.470824
2024-07-01 03:40:00,LINKUSDT,3942097.68,56308923.26112,2.25216479,1.450203,1.98402711,1.637159
2024-07-01 03:45:00,LINKUSDT,3943443.69,56241393.90678,2.25439748,1.447357,1.98563589,0.877077
2024-07-01 03:50:00,LINKUSDT,3945940.26,56381851.47324932,2.25,1.444503,1.97953923,1.932196
2024-07-01 03:55:01,LINKUSDT,3934983.52,56238856.83218693,2.24633508,1.45844,1.97907276,2.237595
2024-07-01 04:00:00,LINKUSDT,3933741.38,56206138.06803411,2.24581152,1.459208,1.98034794,0.765685
2024-07-01 04:05:00,LINKUSDT,3932926.61,56209387.11012,2.24613773,1.462517,1.9747629,0.844541
2024-07-01 04:10:00,LINKUSDT,3928661.8,56336265.14128963,2.24091978,1.460342,1.97237835,1.775874
2024-07-01 04:15:00,LINKUSDT,3926101.53,56302143.013925806,2.23798328,1.457226,1.97078652,1.589602
2024-07-01 04:20:00,LINKUSDT,3929098.5,56331581.653868176,2.24796855,1.459171,1.97954253,0.577234
2024-07-01 04:25:01,LINKUSDT,3925147.03,56321934.73347,2.24541645,1.457388,1.9803416,1.501834
2024-07-01 04:30:00,LINKUSDT,3925264.2,56215783.03182442,2.24417692,1.457586,1.97858638,0.616672
2024-07-01 04:35:00,LINKUSDT,3926004.96,56260639.64484893,2.24046001,1.456233,1.98003221,0.970645
2024-07-01 04:40:00,LINKUSDT,3926134.25,56230094.7285,2.24046001,1.457774,1.97254776,1.151823
2024-07-01 04:45:00,LINKUSDT,3928837.36,56301531.05265885,2.23987458,1.457565,1.97302938,0.488686
2024-07-01 04:50:00,LINKUSDT,3930349.59,56212047.62828341,2.24823067,1.457271,1.9774811,0.511285
2024-07-01 04:55:00,LINKUSDT,3930941.65,56361253.50537624,2.23778417,1.453323,1.96745752,3.069856
2024-07-01 05:00:00,LINKUSDT,3938373.31,56594424.4647,2.23334204,1.452804,1.96758145,1.157312
2024-07-01 05:05:00,LINKUSDT,3942369.0,56703335.23076184,2.24068241,1.450177,1.97886756,1.503139
2024-07-01 05:10:00,LINKUSDT,3937575.39,56664219.869532354,2.23671118,1.447601,1.97283395,1.075355
2024-07-01 05:15:00,LINKUSDT,3938454.84,56717688.15084,2.22834029,1.447364,1.96442878,1.154292
2024-07-01 05:20:00,LINKUSDT,3931147.15,56629619.35301615,2.23390895,1.446294,1.96964343,0.434679
2024-07-01 05:25:01,LINKUSDT,3933749.0,56584674.42411094,2.24344176,1.451066,1.97045126,0.399282
2024-07-01 05:30:00,LINKUSDT,3938583.18,56569609.677062646,2.26042216,1.457017,1.98771618,0.361162
2024-07-01 05:35:00,LINKUSDT,3941757.98,56513327.84113827,2.2634778,1.459075,1.98321227,0.479656
2024-07-01 05:40:00,LINKUSDT,3939246.01,56539997.98153,2.25572821,1.456065,1.97858638,1.705157
2024-07-01 05:45:04,LINKUSDT,3940060.1,56531982.3148,2.25256511,1.455858,1.97604116,0.767633
2024-07-01 05:50:00,LINKUSDT,3943059.39,56566957.34236931,2.25791139,1.458666,1.9773093,0.629305
2024-07-01 05:55:01,LINKUSDT,3942976.96,56634696.22869032,2.25395153,1.456925,1.97635135,2.217871
2024-07-01 06:00:01,LINKUSDT,3942538.87,56717364.18382,2.24678055,1.449671,1.9722133,2.563511
2024-07-01 06:05:03,LINKUSDT,3943453.35,56754180.6132,2.24317943,1.447796,1.97254776,0.897045
2024-07-01 06:10:00,LINKUSDT,3941995.38,56650415.60598,2.25684932,1.450779,1.98419865,0.424179
2024-07-01 06:15:05,LINKUSDT,3940859.53,56547393.39597,2.24116261,1.446803,1.97178583,1.097409
2024-07-01 06:20:00,LINKUSDT,3938621.66,56639152.3231816,2.2322547,1.443905,1.96451974,1.969454
2024-07-01 06:25:00,LINKUSDT,3939643.25,56566111.17409971,2.23537095,1.44277,1.96564946,0.566073
2024-07-01 06:30:00,LINKUSDT,3940487.71,56619161.51619206,2.22888425,1.442554,1.9587251,1.188838
2024-07-01 06:35:00,LINKUSDT,3944104.56,56814826.1868,2.22410203,1.437328,1.95514554,1.90856
2024-07-01 06:40:00,LINKUSDT,3947073.25,56843083.01428548,2.21979735,1.435973,1.95188949,0.773829
2024-07-01 06:45:01,LINKUSDT,3945613.51,56718194.20625,2.22818442,1.437214,1.95800191,0.275755
2024-07-01 06:50:00,LINKUSDT,3946855.39,56692630.82196,2.23986398,1.437526,1.96270322,0.792359
2024-07-01 06:55:00,LINKUSDT,3947900.62,56703696.60506,2.2432574,1.43712,1.96223108,1.093677
2024-07-01 07:00:00,LINKUSDT,3948008.44,56770199.951019354,2.23342037,1.43818,1.94517509,1.294372
2024-07-01 07:05:00,LINKUSDT,3947260.03,56816860.87182,2.23251566,1.43732,1.94503406,2.099643
2024-07-01 07:10:00,LINKUSDT,3951255.79,56925868.172077134,2.23388149,1.437116,1.94442685,0.998092
2024-07-01 07:15:00,LINKUSDT,3950386.95,56937992.371694945,2.23492561,1.43784,1.94586895,0.513201
2024-07-01 07:20:00,LINKUSDT,3950760.69,56881343.2760379,2.23986398,1.43982,1.94555239,0.520776
2024-07-01 07:25:00,LINKUSDT,3952504.09,56892303.55591828,2.23752286,1.439218,1.94478722,0.56451
2024-07-01 07:30:00,LINKUSDT,3953271.81,56931067.33581,2.23557065,1.439754,1.93736194,1.811093
2024-07-01 07:35:00,LINKUSDT,3953680.53,56932999.632,2.23492561,1.439908,1.93523479,0.982782
2024-07-01 07:40:00,LINKUSDT,3953752.97,56930089.01503,2.23329854,1.439709,1.93568726,1.244678
2024-07-01 07:45:00,LINKUSDT,3952594.67,56901552.86932,2.23609297,1.4415,1.93957084,0.242462
2024-07-01 07:50:00,LINKUSDT,3953749.42,56888933.454409875,2.2348643,1.441757,1.93528578,1.015964
2024-07-01 07:55:02,LINKUSDT,3953195.95,56803472.60555,2.23641588,1.444819,1.93771681,0.51353
2024-07-01 08:00:00,LINKUSDT,3951004.88,56823352.18416,2.23615465,1.444667,1.9324303,1.650174
2024-07-01 08:05:02,LINKUSDT,3951505.38,56824060.89690454,2.23733681,1.442959,1.9337321,0.610899
2024-07-01 08:10:00,LINKUSDT,3952487.88,56836775.7144,2.24013588,1.444672,1.93082849,0.687505
2024-07-01 08:15:00,LINKUSDT,3954822.0,56786546.7779106,2.23604591,1.448869,1.93345918,0.675091
2024-07-01 08:20:00,LINKUSDT,3954145.72,56753546.28203756,2.23267327,1.450935,1.92810047,0.518948
2024-07-01 08:25:00,LINKUSDT,3949121.42,56572891.72670032,2.23798328,1.449965,1.92613547,0.583079
2024-07-01 08:30:00,LINKUSDT,3949129.8,56681860.0194,2.22980719,1.449956,1.9213871,1.512164
2024-07-01 08:35:00,LINKUSDT,3950809.0,56692190.16305252,2.22508457,1.450989,1.92258166,0.824781
2024-07-01 08:40:00,LINKUSDT,3945398.29,56502048.91109,2.21541656,1.446761,1.9156872,1.543425
2024-07-01 08:45:00,LINKUSDT,3947759.6,56597935.97422359,2.21647609,1.448077,1.9184347,0.838318
2024-07-01 08:50:00,LINKUSDT,3947743.44,56706663.5908208,2.21941697,1.450629,1.91552834,0.952033
2024-07-01 08:55:00,LINKUSDT,3949670.44,56758578.62240673,2.21863613,1.450477,1.91538462,0.74706
2024-07-01 09:00:00,LINKUSDT,3951950.03,56871598.99328556,2.22262774,1.448168,1.91538462,2.679831
2024-07-01 09:05:00,LINKUSDT,3952137.03,56938438.19121,2.22980392,1.453348,1.91415568,1.219967
2024-07-01 09:10:00,LINKUSDT,3953391.38,56964416.39442,2.23163399,1.453973,1.92262934,0.832615
2024-07-01 09:15:00,LINKUSDT,3962233.33,57069821.05894218,2.22807933,1.457726,1.91313195,0.894269
2024-07-01 09:20:00,LINKUSDT,3966162.24,57168262.52736,2.22149922,1.460647,1.90649836,1.928354
2024-07-01 09:25:00,LINKUSDT,3970563.3,57349698.98868737,2.21417445,1.458177,1.91638012,1.522201
2024-07-01 09:30:00,LINKUSDT,3970370.2,57178530.71503613,2.21817235,1.455881,1.91944836,0.999513
2024-07-01 09:35:00,LINKUSDT,3971151.71,57265323.41989607,2.21883945,1.459391,1.9140625,0.908659
2024-07-01 09:40:00,LINKUSDT,3966758.93,57158519.7337,2.21404421,1.459313,1.90980025,0.652405
2024-07-01 09:45:00,LINKUSDT,3963303.07,56914997.40792635,2.22051549,1.463138,1.91367468,0.622409
2024-07-01 09:50:00,LINKUSDT,3962448.8,57149977.43784768,2.21194805,1.460667,1.90279938,3.317523
2024-07-01 09:55:00,LINKUSDT,3966865.89,57285510.31749,2.20336352,1.4611,1.89629515,1.18794
2024-07-01 10:00:00,LINKUSDT,3970088.19,57327266.54317538,2.20662869,1.459904,1.89996903,0.993975
2024-07-01 10:05:00,LINKUSDT,3970061.37,57335626.30554,2.20476314,1.462373,1.8928847,1.164407
2024-07-01 10:10:00,LINKUSDT,3971083.86,57316080.995738514,2.20912153,1.464375,1.89715874,0.530625
2024-07-01 10:15:00,LINKUSDT,3967674.54,57229630.71548464,2.20781573,1.464157,1.8898292,0.905237
2024-07-01 10:20:00,LINKUSDT,3965044.91,57211633.00639,2.20506853,1.463061,1.8843318,1.244033
2024-07-01 10:25:00,LINKUSDT,3968185.29,57264881.91999,2.20740549,1.464833,1.88564402,0.87016
2024-07-01 10:30:00,LINKUSDT,3971974.95,57443279.92729347,2.20351694,1.461258,1.87929448,1.28166
2024-07-01 10:35:00,LINKUSDT,3977291.74,57440047.30908,2.1975213,1.460918,1.87611026,1.058172
2024-07-01 10:40:00,LINKUSDT,3982737.59,57492076.17448433,2.1956129,1.458452,1.87234368,1.27776
2024-07-01 10:45:00,LINKUSDT,3978024.05,57337984.30615655,2.20880829,1.45799,1.89551549,0.366708
2024-07-01 10:50:00,LINKUSDT,3980960.18,57270093.14948,2.20927221,1.45987,1.88022668,0.951425
2024-07-01 10:55:00,LINKUSDT,3985039.29,57312835.06878,2.21285974,1.459254,1.88433809,0.578168
2024-07-01 11:00:00,LINKUSDT,3984383.14,57546389.15262324,2.20740549,1.457599,1.8761861,1.535824
2024-07-01 11:05:00,LINKUSDT,3985828.49,57503547.62523,2.21339564,1.462859,1.87509567,0.613556
2024-07-01 11:10:00,LINKUSDT,3988487.44,57506011.90992,2.20974851,1.462688,1.87379532,0.553999
2024-07-01 11:15:00,LINKUSDT,3990195.11,57672382.02402812,2.20284605,1.460593,1.86854962,1.126488
2024-07-01 11:20:00,LINKUSDT,4002711.63,57864551.07902457,2.19191139,1.451495,1.86098859,2.541176
2024-07-01 11:25:01,LINKUSDT,4004377.47,57743123.1174,2.19633643,1.45065,1.86218436,1.041822
2024-07-01 11:30:00,LINKUSDT,4002222.78,57668028.03702,2.19226804,1.450468,1.85913995,0.616493
2024-07-01 11:35:00,LINKUSDT,4003098.15,57652619.5563,2.18928663,1.448739,1.85746812,0.732832
2024-07-01 11:40:00,LINKUSDT,3995612.66,57428940.76218,2.20067236,1.447419,1.86400974,0.435738
2024-07-01 11:45:00,LINKUSDT,3991044.49,57384538.87745508,2.19364833,1.448343,1.86405846,0.691602
2024-07-01 11:50:00,LINKUSDT,3991094.95,57415722.96773982,2.19596691,1.448816,1.86068441,0.849588
2024-07-01 11:55:00,LINKUSDT,3991231.27,57326054.73101,2.1957535,1.448455,1.86142835,1.050648
2024-07-01 12:00:01,LINKUSDT,3995793.23,57553992.65256008,2.1970992,1.449157,1.85770751,1.150464
2024-07-01 12:05:00,LINKUSDT,4006081.18,57847812.2392,2.20493506,1.449253,1.84700363,1.37193
2024-07-01 12:10:00,LINKUSDT,4019185.27,57899045.49514585,2.19292355,1.44768,1.83043999,0.893475
2024-07-01 12:15:00,LINKUSDT,4017960.43,57858630.192,2.19746705,1.448528,1.82753472,0.664634
2024-07-01 12:20:00,LINKUSDT,4020333.97,57844565.16036,2.20124159,1.446146,1.82892969,0.946721
2024-07-01 12:25:00,LINKUSDT,4021933.02,57832852.79408753,2.20544041,1.447157,1.83405591,0.684497
2024-07-01 12:30:00,LINKUSDT,4019625.87,57828412.857479125,2.20077519,1.442234,1.83102163,1.220265
2024-07-01 12:35:01,LINKUSDT,4017209.09,57695156.95058,2.20382825,1.442013,1.82861401,0.372521
2024-07-01 12:40:00,LINKUSDT,4015009.62,57691570.726584405,2.20336352,1.442104,1.82759648,1.118495
2024-07-01 12:45:00,LINKUSDT,4013577.61,57614906.59155,2.20881971,1.442748,1.83226288,0.588388
2024-07-01 12:50:00,LINKUSDT,4011378.3,57675597.1974,2.2077821,1.442078,1.83268599,0.865631
2024-07-01 12:55:00,LINKUSDT,4011142.85,57541949.63213196,2.21456437,1.442627,1.83812519,0.516338
2024-07-01 13:00:00,LINKUSDT,4012106.4,57571172.45221831,2.22039645,1.445558,1.8380039,0.526224
2024-07-01 13:05:00,LINKUSDT,4013339.68,57590887.38301742,2.22213521,1.442923,1.8360066,1.162696
2024-07-01 13:10:00,LINKUSDT,4013184.39,57615791.73063912,2.21946764,1.445074,1.83076232,0.845437
2024-07-01 13:15:00,LINKUSDT,4012434.01,57518722.78468516,2.21532847,1.445277,1.83051101,0.680668
2024-07-01 13:20:00,LINKUSDT,3999127.9,57231519.3769,2.22228033,1.448646,1.83063306,0.44651
2024-07-01 13:25:00,LINKUSDT,3998715.44,57334616.046532795,2.21162366,1.446443,1.82777695,1.138119
2024-07-01 13:30:00,LINKUSDT,4004083.05,57646783.67085,2.21745949,1.448577,1.84245439,1.095805
2024-07-01 13:35:00,LINKUSDT,4012679.41,57532665.36359164,2.22155375,1.443622,1.85485092,1.432903
2024-07-01 13:40:00,LINKUSDT,4011940.99,57535245.73759,2.22382199,1.44349,1.85416036,1.086922
2024-07-01 13:45:00,LINKUSDT,4009667.29,57629017.10388649,2.22277487,1.442652,1.85521936,1.034759
2024-07-01 13:50:00,LINKUSDT,4005080.61,57344837.73266305,2.23436679,1.444519,1.86181818,0.565805
2024-07-01 13:55:00,LINKUSDT,3996405.56,57144603.10244,2.26075412,1.45289,1.88412674,0.623284
2024-07-01 14:00:00,LINKUSDT,3997148.41,57123573.495047994,2.25411141,1.453021,1.88133517,1.083543
2024-07-01 14:05:00,LINKUSDT,3992373.43,57028383.39003039,2.25950545,1.451456,1.88004896,0.905328
2024-07-01 14:10:00,LINKUSDT,3999478.19,57219553.19235608,2.26051091,1.453528,1.87784742,1.771593
2024-07-01 14:15:00,LINKUSDT,4012066.48,57115220.25059129,2.2746988,1.456538,1.89224603,0.824495
2024-07-01 14:20:00,LINKUSDT,4015227.62,57233054.49548,2.28994083,1.455018,1.89839407,1.039917
2024-07-01 14:25:00,LINKUSDT,4017718.04,57268552.94216,2.28786656,1.455444,1.89164612,1.728517
2024-07-01 14:30:00,LINKUSDT,4016795.09,57355797.48814996,2.28829071,1.45732,1.88952234,1.563286
2024-07-01 14:35:00,LINKUSDT,4024512.55,57460501.602198005,2.28979262,1.459762,1.88983051,0.601456
2024-07-01 14:40:00,LINKUSDT,4027715.92,57670374.64671553,2.28456159,1.454729,1.89209633,1.349978
2024-07-01 14:45:00,LINKUSDT,4027099.22,57511003.96082,2.30091842,1.454876,1.90263158,1.03417
2024-07-01 14:50:00,LINKUSDT,4028520.61,57461363.44338855,2.29940605,1.454038,1.9038402,1.04659
2024-07-01 14:55:00,LINKUSDT,4029952.63,57483763.41251827,2.27518034,1.452283,1.88563544,1.203942
2024-07-01 15:00:00,LINKUSDT,4032971.03,57635083.68885641,2.27068873,1.450502,1.87566824,1.559924
2024-07-01 15:05:01,LINKUSDT,4031828.2,57807473.95432553,2.27893891,1.449022,1.88518803,1.393934
2024-07-01 15:10:00,LINKUSDT,4030208.37,57949743.84775559,2.27640751,1.446912,1.88412479,2.069473
2024-07-01 15:15:00,LINKUSDT,4036620.37,58240993.497279376,2.27111826,1.44572,1.88555145,1.225597
2024-07-01 15:20:00,LINKUSDT,4042471.46,58199461.60962,2.27946309,1.447265,1.89044684,0.734837
2024-07-01 15:25:00,LINKUSDT,4039355.57,57973712.60881249,2.27812081,1.448182,1.88384615,0.520049
2024-07-01 15:30:00,LINKUSDT,4040311.66,57982817.150949806,2.27640751,1.448945,1.88572747,0.453177
2024-07-01 15:35:00,LINKUSDT,4040172.92,58015048.125061475,2.26764706,1.446409,1.8805466,1.241935
2024-07-01 15:40:00,LINKUSDT,4041911.25,58041358.82304727,2.27134065,1.448087,1.88653137,1.151093
2024-07-01 15:45:00,LINKUSDT,4048255.72,58149145.16208,2.27085561,1.450418,1.88571429,1.550883
2024-07-01 15:50:00,LINKUSDT,4061054.45,58495428.2978,2.2670227,1.449821,1.87490442,2.494123
2024-07-01 15:55:00,LINKUSDT,4061346.05,58440386.50225132,2.27241102,1.450959,1.87737293,0.952859
2024-07-01 16:00:00,LINKUSDT,4055746.8,58325694.7308,2.28229922,1.448819,1.88588542,1.065232
2024-07-01 16:05:00,LINKUSDT,4058679.13,58307414.601567775,2.2895233,1.449851,1.89207082,0.920568
2024-07-01 16:10:00,LINKUSDT,4060701.9,58571118.868422635,2.27141328,1.448902,1.84296029,1.93286
2024-07-01 16:15:00,LINKUSDT,4059648.2,58565296.09150684,2.26657754,1.449612,1.8423586,0.99577
2024-07-01 16:20:00,LINKUSDT,4058997.74,58600887.90649664,2.27189928,1.445802,1.84975109,1.821819
2024-07-01 16:25:00,LINKUSDT,4059785.46,58635481.39878,2.27479893,1.449631,1.84497291,1.123948
2024-07-01 16:30:00,LINKUSDT,4056308.85,58480986.77997506,2.27601931,1.450396,1.84776389,0.492035
2024-07-01 16:35:00,LINKUSDT,4051180.28,58460928.19967725,2.27873255,1.447143,1.84733514,0.893415
2024-07-01 16:40:00,LINKUSDT,4050809.82,58408626.79458,2.27338515,1.44918,1.83908736,1.703921
2024-07-01 16:45:00,LINKUSDT,4052369.76,58467590.89728,2.27426273,1.448119,1.84081694,1.727442
2024-07-01 16:50:00,LINKUSDT,4050083.14,58346260.83150524,2.28306452,1.449059,1.84641998,0.484263
2024-07-01 16:55:00,LINKUSDT,4046786.07,58245391.90551,2.28463815,1.452956,1.84877241,0.611577
2024-07-01 17:00:00,LINKUSDT,4046184.01,58163895.14375,2.30170316,1.452798,1.86263238,1.080328
2024-07-01 17:05:00,LINKUSDT,4045953.47,58261729.968,2.28925397,1.455051,1.85449337,1.532624
2024-07-01 17:10:00,LINKUSDT,4048590.11,58187413.98588926,2.28794403,1.454767,1.85488246,0.677702
2024-07-01 17:15:00,LINKUSDT,4051732.87,58276073.86921,2.27938808,1.454853,1.84750601,0.766318
2024-07-01 17:20:00,LINKUSDT,4053484.38,58382335.52514,2.27850818,1.456309,1.84474474,0.779969
2024-07-01 17:25:00,LINKUSDT,4051986.74,58295933.22838,2.27816524,1.455279,1.84438776,1.241374
2024-07-01 17:30:00,LINKUSDT,4051617.75,58488241.0500371,2.2766756,1.45304,1.8442377,1.520999
2024-07-01 17:35:00,LINKUSDT,4058762.97,58714384.102201805,2.27543624,1.449949,1.87836597,1.903775
2024-07-01 17:40:00,LINKUSDT,4058558.46,58593408.48702,2.27915099,1.45226,1.87945541,0.639882
2024-07-01 17:45:00,LINKUSDT,4056604.96,58751809.63568,2.27692721,1.450221,1.87953467,2.011888
2024-07-01 17:50:00,LINKUSDT,4057571.22,58685125.18075571,2.27991396,1.45179,1.88499923,0.712209
2024-07-01 17:55:00,LINKUSDT,4054009.91,58775382.6173481,2.27096774,1.452605,1.88755206,1.77299
2024-07-01 18:00:00,LINKUSDT,4053461.37,58822271.58897021,2.26774194,1.45229,1.89869687,1.225614
2024-07-01 18:05:00,LINKUSDT,4049748.49,58686558.2734362,2.32003302,1.454185,1.92945076,0.885982
2024-07-01 18:10:00,LINKUSDT,4047946.23,58606165.51794,2.31339188,1.453466,1.92975533,0.800476
2024-07-01 18:15:00,LINKUSDT,4048090.21,58555624.88765,2.31705979,1.451935,1.91986172,1.38216
2024-07-01 18:20:00,LINKUSDT,4046273.61,58775072.98806876,2.31733406,1.451154,1.92125118,2.28167
2024-07-01 18:25:00,LINKUSDT,4047894.36,58658037.17076,2.31851852,1.452208,1.92898756,0.84521
2024-07-01 18:30:00,LINKUSDT,4043156.64,58393315.68983407,2.33278282,1.452516,1.93625749,0.731625
2024-07-01 18:35:00,LINKUSDT,4042483.51,58256055.99539424,2.33765517,1.454725,1.93204037,0.768302
2024-07-01 18:40:00,LINKUSDT,4042745.0,58211485.255,2.33995585,1.455259,1.9350916,0.851487
2024-07-01 18:45:00,LINKUSDT,4042806.0,58297262.52,2.33986207,1.455976,1.93543804,1.34309
2024-07-01 18:50:00,LINKUSDT,4040700.4,58336348.61920593,2.33581267,1.456567,1.92940435,1.925393
2024-07-01 18:55:01,LINKUSDT,4040300.96,58347186.213551134,2.33645632,1.455708,1.93343849,1.249305
2024-07-01 19:00:00,LINKUSDT,4046247.3,58509258.24760149,2.33664185,1.45847,1.93066499,0.820294
2024-07-01 19:05:00,LINKUSDT,4041883.77,58340550.33618,2.32664835,1.456582,1.92532621,0.994293
2024-07-01 19:10:00,LINKUSDT,4040634.24,58537859.9391364,2.32774265,1.456616,1.92836902,1.466875
2024-07-01 19:15:00,LINKUSDT,4039461.75,58577726.28681734,2.3260033,1.455304,1.92747011,1.062536
2024-07-01 19:20:00,LINKUSDT,4038729.31,58509071.51397,2.32673811,1.455966,1.92478015,0.590945
2024-07-01 19:25:00,LINKUSDT,4038718.99,58523815.02672876,2.32117389,1.455674,1.91671885,0.786103
2024-07-01 19:30:00,LINKUSDT,4038603.12,58430509.94016,2.32344865,1.458039,1.9174628,0.747576
2024-07-01 19:35:00,LINKUSDT,4036137.18,58377081.466031395,2.32929849,1.451958,1.92295622,0.32258
2024-07-01 19:40:00,LINKUSDT,4038568.62,58280583.75522,2.33940397,1.455573,1.9312136,0.630881
2024-07-01 19:45:03,LINKUSDT,4036123.08,58261436.6598,2.34115374,1.454531,1.9319685,1.131234
2024-07-01 19:50:00,LINKUSDT,4033857.74,58288742.65211288,2.33278282,1.454351,1.92168864,1.728494
2024-07-01 19:55:00,LINKUSDT,4035722.24,58459957.96386944,2.3342511,1.453742,1.92585611,1.855134
2024-07-01 20:00:01,LINKUSDT,4028302.25,58301552.64179123,2.33700744,1.454567,1.93461478,1.711581
2024-07-01 20:05:01,LINKUSDT,4028487.43,58307182.12540752,2.33259972,1.454756,1.93754928,0.859116
2024-07-01 20:10:00,LINKUSDT,4029935.69,58372654.67023038,2.33287483,1.455257,1.93263025,1.069133
2024-07-01 20:15:00,LINKUSDT,4030396.58,58287595.33996,2.33342503,1.456677,1.93403652,0.473878
2024-07-01 20:20:00,LINKUSDT,4032564.0,58367331.336,2.33342503,1.45762,1.93312352,1.40321
2024-07-01 20:25:00,LINKUSDT,4031293.93,58445699.39714,2.32154605,1.4597,1.92377666,3.014559
2024-07-01 20:30:00,LINKUSDT,4033700.13,58472517.08448,2.31518468,1.459606,1.91692741,1.100476
2024-07-01 20:35:00,LINKUSDT,4027837.91,58391566.18127,2.3058663,1.461823,1.9099563,1.487818
2024-07-01 20:40:00,LINKUSDT,4037275.26,58536453.99474,2.30695771,1.465895,1.90501401,0.582259
2024-07-01 20:45:00,LINKUSDT,4037471.61,58607937.89076,2.30147059,1.461614,1.90340644,1.391932
2024-07-01 20:50:00,LINKUSDT,4040581.47,58716720.3423539,2.29706202,1.461485,1.9002641,2.303395
2024-07-01 20:55:00,LINKUSDT,4032009.16,58505373.338651046,2.30207197,1.459777,1.90787217,0.46904
2024-07-01 21:00:00,LINKUSDT,4034597.9,58517807.9416,2.30567686,1.463366,1.90663965,0.589176
2024-07-01 21:05:00,LINKUSDT,4036257.2,58627595.571237005,2.3047749,1.463058,1.90470258,1.861908
2024-07-01 21:10:00,LINKUSDT,4061427.66,59141689.29837551,2.26735358,1.459275,1.88646967,3.029901
2024-07-01 21:15:01,LINKUSDT,4060480.33,58991966.033744685,2.26531165,1.458877,1.88484848,0.523865
2024-07-01 21:20:00,LINKUSDT,4059622.77,58939684.987031534,2.26876185,1.459313,1.888388,1.426954
2024-07-01 21:25:00,LINKUSDT,4056778.49,58762436.42765,2.27504752,1.462803,1.89354086,0.262895
2024-07-01 21:30:00,LINKUSDT,4054898.58,58650053.06112,2.28474114,1.465013,1.89630438,0.641067
2024-07-01 21:35:00,LINKUSDT,4054549.51,58577118.99292155,2.28419619,1.464156,1.89641186,0.763562
2024-07-01 21:40:00,LINKUSDT,4053609.39,58623298.99818,2.27794398,1.461876,1.89432668,2.282483
2024-07-01 21:45:01,LINKUSDT,4051831.72,58597590.33464,2.27472826,1.461539,1.89091192,1.377874
2024-07-01 21:50:00,LINKUSDT,4050488.3,58514492.20951718,2.27302363,1.461646,1.88697139,0.076985
2024-07-01 21:55:00,LINKUSDT,4049866.91,58427429.91057,2.2957476,1.461547,1.92802669,0.765921
2024-07-01 22:00:00,LINKUSDT,4054017.56,58491025.87224953,2.29402084,1.458308,1.92696094,2.366898
2024-07-01 22:05:00,LINKUSDT,4049967.98,58455276.54532632,2.30308031,1.462589,1.92879847,0.694024
2024-07-01 22:10:00,LINKUSDT,4051170.42,58486747.35354,2.29980764,1.464405,1.92432175,1.267795
2024-07-01 22:15:00,LINKUSDT,4045700.74,58371370.27672,2.29651003,1.461522,1.92443245,1.166409
2024-07-01 22:20:00,LINKUSDT,4046374.07,58375560.688833445,2.29777289,1.460146,1.92923028,1.263207
2024-07-01 22:25:00,LINKUSDT,4042548.39,57990356.65455,2.29656121,1.459939,1.92436306,0.7207
2024-07-01 22:30:00,LINKUSDT,4047505.11,58152990.55733188,2.30275482,1.463008,1.92580799,1.044002
2024-07-01 22:35:00,LINKUSDT,4041302.37,57965860.98536885,2.30402426,1.460615,1.92140016,1.209011
2024-07-01 22:40:00,LINKUSDT,4047619.38,58142227.16021679,2.30344828,1.458986,1.92182773,1.829549
2024-07-01 22:45:00,LINKUSDT,4050058.72,58224789.5558266,2.30461199,1.458798,1.92567783,1.686561
2024-07-01 22:50:00,LINKUSDT,4049492.85,58256614.641642064,2.31936737,1.459962,1.94350827,0.859878
2024-07-01 22:55:00,LINKUSDT,4046692.61,58163914.04773293,2.32388889,1.461607,1.94730924,0.387185
2024-07-01 23:00:00,LINKUSDT,4048166.99,58245290.91646111,2.32536816,1.462295,1.94889924,1.036283
2024-07-01 23:05:01,LINKUSDT,4044987.6,58162876.7004,2.31277655,1.461712,1.94043235,1.013201
2024-07-01 23:10:00,LINKUSDT,4044384.89,58136427.9413818,2.30656733,1.458019,1.9403009,2.064301
2024-07-01 23:15:00,LINKUSDT,4040956.42,58036216.10404,2.3241743,1.464976,1.95147035,0.388408
2024-07-01 23:20:00,LINKUSDT,4040327.53,58016756.466150925,2.32131966,1.464976,1.94612795,0.522493
2024-07-01 23:25:01,LINKUSDT,4038997.78,57890955.18074,2.31654676,1.464009,1.93907899,0.862489
2024-07-01 23:30:00,LINKUSDT,4038705.71,57773685.18155,2.3299055,1.468245,1.95114896,0.457599
2024-07-01 23:35:01,LINKUSDT,4034765.14,57834323.51676,2.3307393,1.465345,1.94988757,1.716912
2024-07-01 23:40:00,LINKUSDT,4037128.84,57892663.41466683,2.3315731,1.466005,1.95165435,0.700048
2024-07-01 23:45:02,LINKUSDT,4035314.18,57850264.08448,2.3255685,1.46503,1.94977535,1.067736
2024-07-01 23:50:00,LINKUSDT,4037754.3,57765446.6052902,2.32391244,1.465939,1.95040924,0.502727
2024-07-01 23:55:00,LINKUSDT,4040187.41,57895516.3525726,2.31728907,1.466222,1.94629689,0.803074
2024-07-02 00:00:01,LINKUSDT,4037292.28,57866510.24924,2.32023249,1.465381,1.94946254,0.411266
