create_time,symbol,sum_open_interest,sum_open_interest_value,count_toptrader_long_short_ratio,sum_toptrader_long_short_ratio,count_long_short_ratio,sum_taker_long_short_vol_ratio
2026-02-03 00:05:00,DOGEUSDT,1635537565.0,176143584.94797355,2.94130514,1.677171,2.49002364,0.680277
2026-02-03 00:10:00,DOGEUSDT,1638414022.0,176227599.21249714,2.91526344,1.682382,2.47349091,0.877335
2026-02-03 00:15:00,DOGEUSDT,1639818845.0,176444507.722,2.90462428,1.685618,2.46801505,0.737296
2026-02-03 00:20:00,DOGEUSDT,1638492761.0,176547594.99775,2.90097403,1.683567,2.46304817,1.259473
2026-02-03 00:25:00,DOGEUSDT,1635979596.0,176129563.30536,2.9147357,1.681433,2.47208886,0.999973
2026-02-03 00:30:00,DOGEUSDT,1634885226.0,176453162.44218,2.9177983,1.681213,2.47406571,1.762933
2026-02-03 00:35:00,DOGEUSDT,1635267543.0,176169530.96054676,2.91782805,1.681762,2.4732731,0.73841
2026-02-03 00:40:00,DOGEUSDT,1636590455.0,176327433.9668276,2.91983351,1.682029,2.47651323,1.037885
2026-02-03 00:45:00,DOGEUSDT,1636846576.0,176523656.56203425,2.92108597,1.680919,2.47469902,1.722499
2026-02-03 00:50:00,DOGEUSDT,1634468237.0,176411556.51334295,2.91968162,1.674508,2.47597555,1.103816
2026-02-03 00:55:00,DOGEUSDT,1633423984.0,176308272.9713944,2.91492052,1.668123,2.47593985,0.643855
2026-02-03 01:00:00,DOGEUSDT,1633322423.0,176582717.45560557,2.91848907,1.659488,2.48305085,1.416336
2026-02-03 01:05:00,DOGEUSDT,1632233073.0,176002598.66543108,2.92859732,1.65568,2.4912231,0.50483
2026-02-03 01:10:00,DOGEUSDT,1629600939.0,175326728.02583626,2.93464052,1.652781,2.49867575,0.463871
2026-02-03 01:15:00,DOGEUSDT,1627208334.0,175071344.65506,2.93444707,1.651759,2.49872292,0.707496
2026-02-03 01:20:00,DOGEUSDT,1625365312.0,174361600.21535295,2.9394215,1.651961,2.49910063,0.487286
2026-02-03 01:25:00,DOGEUSDT,1624987379.0,174719471.7336433,2.92906386,1.64821,2.48604563,0.915887
2026-02-03 01:30:00,DOGEUSDT,1624229590.0,174880799.9553,2.92797533,1.646058,2.48571698,0.783691
2026-02-03 01:35:00,DOGEUSDT,1624156169.0,174629271.29088,2.92906386,1.644864,2.48670814,0.974746
2026-02-03 01:40:00,DOGEUSDT,1624472345.0,174809469.04545,2.92695305,1.643847,2.48586506,1.293411
2026-02-03 01:45:00,DOGEUSDT,1625615839.0,175260992.37121835,2.92540286,1.64588,2.48339136,2.125339
2026-02-03 01:50:00,DOGEUSDT,1624819554.0,174911824.9881,2.92844203,1.644379,2.48963438,0.494019
2026-02-03 01:55:00,DOGEUSDT,1624945459.0,175104122.66184,2.92861026,1.643839,2.48912122,0.556583
2026-02-03 02:00:00,DOGEUSDT,1624677118.0,175122809.2752374,2.93378084,1.644696,2.48907721,1.382686
2026-02-03 02:05:00,DOGEUSDT,1624784338.0,174794299.08204,2.9375,1.643071,2.49349425,0.833619
2026-02-03 02:10:00,DOGEUSDT,1625271236.0,174658001.83109277,3.04323444,1.703749,2.49763973,0.64386
2026-02-03 02:15:00,DOGEUSDT,1628414801.0,174376323.77458748,3.02508572,1.713631,2.48194588,0.58862
2026-02-03 02:20:00,DOGEUSDT,1628769790.0,174620376.6105042,3.02363768,1.71231,2.47998116,1.02619
2026-02-03 02:25:00,DOGEUSDT,1628816585.0,174837172.2339,3.01747748,1.71078,2.47708667,1.602984
2026-02-03 02:30:00,DOGEUSDT,1628118213.0,174322617.06591,3.03019346,1.711653,2.48269684,0.395563
2026-02-03 02:35:00,DOGEUSDT,1631040867.0,174461692.98367646,3.02565029,1.715377,2.47600641,0.426643
2026-02-03 02:40:00,DOGEUSDT,1631202378.0,174245038.01796,3.02128427,1.711639,2.47237647,0.533559
2026-02-03 02:45:00,DOGEUSDT,1629876796.0,174054543.04484,3.01278358,1.71053,2.46668546,0.652998
2026-02-03 02:50:00,DOGEUSDT,1640537938.0,174208723.63622,3.02023487,1.725832,2.46222683,0.557618
2026-02-03 02:55:00,DOGEUSDT,1639409005.0,174170812.6912,3.03800691,1.730581,2.47086644,0.809701
2026-02-03 03:00:00,DOGEUSDT,1641581964.0,174046692.17146465,3.06198574,1.737982,2.48180868,0.637458
2026-02-03 03:05:00,DOGEUSDT,1646498530.0,174197124.1211609,3.04624909,1.718905,2.46828252,1.015322
2026-02-03 03:10:00,DOGEUSDT,1649263312.0,174805418.43888,3.0787156,1.730512,2.48346008,1.275662
2026-02-03 03:15:00,DOGEUSDT,1648363314.0,174924314.88168,3.09013981,1.739515,2.48991053,1.00342
2026-02-03 03:20:00,DOGEUSDT,1640898292.0,173782943.5905024,3.08753218,1.742882,2.4871112,0.710436
2026-02-03 03:25:00,DOGEUSDT,1633437088.0,173513635.11922592,3.06082192,1.761321,2.46854602,1.686724
2026-02-03 03:30:00,DOGEUSDT,1633758609.0,173978954.27241,3.06989936,1.772219,2.47504026,1.510294
2026-02-03 03:35:00,DOGEUSDT,1630444496.0,173935818.83328,3.05633546,1.776224,2.468065,1.399164
2026-02-03 03:40:00,DOGEUSDT,1629433528.0,174381976.16656,3.05987587,1.776063,2.47409793,1.678926
2026-02-03 03:45:00,DOGEUSDT,1629732485.0,174528051.81865,3.06619126,1.771731,2.47885454,0.655823
2026-02-03 03:50:00,DOGEUSDT,1629369456.0,174424000.2648,3.07189901,1.773896,2.48070175,1.608828
2026-02-03 03:55:00,DOGEUSDT,1629804404.0,174307581.0078,3.0702011,1.768548,2.47328605,0.749173
2026-02-03 04:00:00,DOGEUSDT,1630712488.0,175111402.46252456,3.06709324,1.754664,2.47566288,2.325263
2026-02-03 04:05:00,DOGEUSDT,1630574499.0,174438859.90302,3.07361289,1.758139,2.4817449,0.612712
2026-02-03 04:10:00,DOGEUSDT,1628880426.0,174257627.97348,3.06875114,1.755476,2.47662313,1.78097
2026-02-03 04:15:00,DOGEUSDT,1628468762.0,174757789.84964517,3.0661308,1.75882,2.47818681,1.340916
2026-02-03 04:20:00,DOGEUSDT,1640013523.0,175858650.07129,3.05574786,1.77798,2.47560514,0.507533
2026-02-03 04:25:00,DOGEUSDT,1640173978.0,175908659.1405,3.04985444,1.775892,2.47420635,1.625607
2026-02-03 04:30:00,DOGEUSDT,1641164900.0,175878948.601386,3.05223881,1.775084,2.47454906,0.697162
2026-02-03 04:35:00,DOGEUSDT,1655446933.0,177585139.5965036,3.05018182,1.797944,2.47110399,0.420723
2026-02-03 04:40:00,DOGEUSDT,1655658204.0,177999813.51204,3.04500907,1.79637,2.46948003,1.919395
2026-02-03 04:45:00,DOGEUSDT,1639343254.0,177344874.52875176,3.04786169,1.75812,2.48676094,1.682135
2026-02-03 04:50:00,DOGEUSDT,1642464496.0,177571665.50817823,3.04580153,1.756494,2.48445792,0.595038
2026-02-03 04:55:00,DOGEUSDT,1642351620.0,177188126.4506808,3.04542151,1.755811,2.48488868,0.837397
2026-02-03 05:00:00,DOGEUSDT,1642459947.0,177045340.15038213,3.05074573,1.755831,2.48923865,0.719785
2026-02-03 05:05:00,DOGEUSDT,1640716786.0,176344240.15928,3.04909091,1.754899,2.48791584,0.521717
2026-02-03 05:10:00,DOGEUSDT,1640969389.0,176412873.6358739,3.05275605,1.754728,2.48683961,1.496159
2026-02-03 05:15:00,DOGEUSDT,1639320970.0,175506866.9660887,3.06966539,1.758488,2.50152236,0.588818
2026-02-03 05:20:00,DOGEUSDT,1638206153.0,175255294.24794,3.06744654,1.759038,2.4981946,0.839196
2026-02-03 05:25:00,DOGEUSDT,1638096043.0,175587514.84917,3.06281958,1.756193,2.49724649,0.930068
2026-02-03 05:30:00,DOGEUSDT,1637468177.0,175471089.84732,3.06541202,1.75581,2.49928768,1.040579
2026-02-03 05:35:00,DOGEUSDT,1637931708.0,175537304.9395308,3.06876372,1.755286,2.49995252,1.227314
2026-02-03 05:40:00,DOGEUSDT,1638120476.0,175490273.99822304,3.07097128,1.754448,2.50261134,1.111926
2026-02-03 05:45:00,DOGEUSDT,1637817109.0,175348024.4582713,3.0691042,1.752263,2.50398785,0.617186
2026-02-03 05:50:00,DOGEUSDT,1641591293.0,175667800.54600924,3.0683105,1.746975,2.50346267,0.674025
2026-02-03 05:55:00,DOGEUSDT,1640650330.0,175220831.7968746,3.06776256,1.749965,2.50175538,0.675102
2026-02-03 06:00:00,DOGEUSDT,1641492694.0,175032365.96122,3.06577745,1.753763,2.49294441,0.90064
2026-02-03 06:05:00,DOGEUSDT,1645552608.0,175481730.11712,3.08181985,1.74768,2.50427269,0.491715
2026-02-03 06:10:00,DOGEUSDT,1644635684.0,174808326.85236,3.07162484,1.753001,2.50313569,0.722806
2026-02-03 06:15:00,DOGEUSDT,1644395194.0,174536105.89116,3.06713005,1.749325,2.5,0.62176
2026-02-03 06:20:00,DOGEUSDT,1646549719.0,175186386.23020995,3.06836045,1.727602,2.50603555,1.625742
2026-02-03 06:25:00,DOGEUSDT,1646565471.0,175249627.26375023,3.0720556,1.724927,2.51141118,0.837144
2026-02-03 06:30:00,DOGEUSDT,1645727533.0,175700784.3608134,3.07315289,1.726404,2.51464992,1.708086
2026-02-03 06:35:00,DOGEUSDT,1646057622.0,175723844.42030814,3.07934763,1.722818,2.52183031,0.594935
2026-02-03 06:40:00,DOGEUSDT,1646724259.0,175672543.95012,3.08327219,1.721681,2.52413201,1.18215
2026-02-03 06:45:00,DOGEUSDT,1647558498.0,175530882.37692,3.09059169,1.720368,2.52499523,1.294925
2026-02-03 06:50:00,DOGEUSDT,1647816175.0,175885360.8825905,3.12795239,1.719629,2.54273094,1.155936
2026-02-03 06:55:00,DOGEUSDT,1647970021.0,176097907.07990688,3.13471213,1.718646,2.54417979,2.212658
2026-02-03 07:00:00,DOGEUSDT,1648267063.0,176141977.27414185,3.13660082,1.718329,2.54746349,1.508741
2026-02-03 07:05:00,DOGEUSDT,1647771664.0,175652459.3824,3.14088449,1.717306,2.55277591,0.833598
2026-02-03 07:10:00,DOGEUSDT,1647494200.0,176341798.764054,3.13489845,1.716484,2.55272272,1.459625
2026-02-03 07:15:00,DOGEUSDT,1647872031.0,176190477.55452,3.14571268,1.71806,2.55929101,1.391959
2026-02-03 07:20:00,DOGEUSDT,1650891711.0,176496832.82301,3.14083193,1.715391,2.55343071,1.203829
2026-02-03 07:25:00,DOGEUSDT,1651676069.0,176646309.62701136,3.14621849,1.715414,2.55942643,1.139385
2026-02-03 07:30:00,DOGEUSDT,1659281304.0,177874955.7888,3.14725644,1.717742,2.55447826,1.533395
2026-02-03 07:35:00,DOGEUSDT,1668347360.0,180398400.0368,3.13162298,1.729147,2.54953917,2.303583
2026-02-03 07:40:00,DOGEUSDT,1670879212.0,180940946.82360232,3.09736308,1.718519,2.53455868,1.260572
2026-02-03 07:45:00,DOGEUSDT,1672241347.0,181036848.22622,3.10608021,1.715517,2.53102591,1.472069
2026-02-03 07:50:00,DOGEUSDT,1667009854.0,180412174.78934708,3.11592593,1.697881,2.53961107,0.659929
2026-02-03 07:55:00,DOGEUSDT,1668402526.0,180455117.94122088,3.11012565,1.696748,2.53141711,1.097989
2026-02-03 08:00:00,DOGEUSDT,1670055024.0,180683253.04656,3.1097561,1.695706,2.53367727,0.887161
2026-02-03 08:05:00,DOGEUSDT,1670980068.0,180566106.14808,3.11564752,1.681483,2.53248736,0.736132
2026-02-03 08:10:00,DOGEUSDT,1675793690.0,181438182.8163,3.0994851,1.683853,2.51903903,1.713285
2026-02-03 08:15:00,DOGEUSDT,1677097200.0,181059413.712,3.09830945,1.680312,2.52855511,0.596356
2026-02-03 08:20:00,DOGEUSDT,1677423638.0,181482878.88525873,3.09286108,1.680712,2.52810806,1.532479
2026-02-03 08:25:00,DOGEUSDT,1676561240.0,182012903.5072052,3.08776108,1.672326,2.53063166,0.717242
2026-02-03 08:30:00,DOGEUSDT,1680506925.0,182519857.12425,3.09955915,1.656782,2.53518042,0.662692
2026-02-03 08:35:00,DOGEUSDT,1682264878.0,182172463.63862,3.10009183,1.65432,2.53786075,1.297883
2026-02-03 08:40:00,DOGEUSDT,1678480792.0,182031241.8924,3.11233886,1.648006,2.5453679,2.383426
2026-02-03 08:45:00,DOGEUSDT,1672465579.0,181997704.30678,3.12084871,1.633282,2.56032916,0.856333
2026-02-03 08:50:00,DOGEUSDT,1674872795.0,182008426.63265,3.12820987,1.632235,2.56322389,1.741127
2026-02-03 08:55:00,DOGEUSDT,1682308264.0,181801939.87335745,3.12766352,1.645055,2.56724304,0.21502
2026-02-03 09:00:00,DOGEUSDT,1679876731.0,181181542.53664517,3.12889466,1.644118,2.57078241,0.558054
2026-02-03 09:05:00,DOGEUSDT,1677724377.0,181211009.95977,3.1278725,1.64213,2.57079689,1.00706
2026-02-03 09:10:00,DOGEUSDT,1678485862.0,181450213.16757563,3.13037834,1.64179,2.57082452,1.191524
2026-02-03 09:15:00,DOGEUSDT,1678583092.0,179710633.34013373,3.15113021,1.633692,2.57876944,0.455325
2026-02-03 09:20:00,DOGEUSDT,1679161277.0,179989297.28163,3.15400449,1.609231,2.58910891,0.580887
2026-02-03 09:25:00,DOGEUSDT,1680721038.0,179325388.3171394,3.15148682,1.611021,2.58969632,0.585893
2026-02-03 09:30:00,DOGEUSDT,1682050660.0,179104754.2768,3.15079514,1.609594,2.58778996,0.714184
2026-02-03 09:35:00,DOGEUSDT,1686115911.0,180060318.13569,3.14843896,1.607413,2.58929091,1.09966
2026-02-03 09:40:00,DOGEUSDT,1683806244.0,180230259.29958805,3.15443654,1.602045,2.59413535,0.940828
2026-02-03 09:45:00,DOGEUSDT,1683269886.0,180143543.19972,3.15674157,1.601697,2.5971251,1.053163
2026-02-03 09:50:00,DOGEUSDT,1683532658.0,179925229.54868197,3.15814128,1.603284,2.59326802,0.494906
2026-02-03 09:55:00,DOGEUSDT,1678496989.0,179733457.58212,3.14581777,1.614348,2.57596219,2.504912
2026-02-03 10:00:00,DOGEUSDT,1679008900.0,179643290.593485,3.12699296,1.605025,2.57697121,1.186084
2026-02-03 10:05:00,DOGEUSDT,1683063319.0,180686188.2960705,3.11697205,1.60182,2.56821676,1.952167
2026-02-03 10:10:00,DOGEUSDT,1687319343.0,181454322.14622,3.1087117,1.602923,2.56838468,1.454336
2026-02-03 10:15:00,DOGEUSDT,1687464109.0,181040396.91683733,3.11047478,1.602529,2.57027572,0.62526
2026-02-03 10:20:00,DOGEUSDT,1687820437.0,180748690.59833,3.10762415,1.602844,2.56667306,0.369765
2026-02-03 10:25:00,DOGEUSDT,1688278332.0,181189120.13958755,3.10672083,1.602337,2.56861804,0.90909
2026-02-03 10:30:00,DOGEUSDT,1688299346.0,181137636.83234,3.10881212,1.601618,2.56790716,1.355392
2026-02-03 10:35:00,DOGEUSDT,1678579498.0,179255504.59142,3.14594595,1.597052,2.60418483,0.302458
2026-02-03 10:40:00,DOGEUSDT,1676569329.0,179007307.25733,3.141527,1.602887,2.60147102,1.184938
2026-02-03 10:45:00,DOGEUSDT,1676767008.0,178909111.4715408,3.12996658,1.603213,2.59387676,0.940895
2026-02-03 10:50:00,DOGEUSDT,1677550252.0,178977836.38588,3.13584836,1.604027,2.5980288,1.299718
2026-02-03 10:55:00,DOGEUSDT,1679458750.0,179309092.9025,3.12657524,1.606785,2.59092223,0.759128
2026-02-03 11:00:00,DOGEUSDT,1679328807.0,179303280.1864356,3.12520837,1.604924,2.59612231,0.999082
2026-02-03 11:05:00,DOGEUSDT,1679424510.0,179412920.4033,3.12488437,1.605161,2.59882319,1.372132
2026-02-03 11:10:00,DOGEUSDT,1680061767.0,179512785.33724165,3.12271299,1.606599,2.59807322,1.723395
2026-02-03 11:15:00,DOGEUSDT,1681377246.0,179624473.6003605,3.13132061,1.605596,2.60293125,1.049889
2026-02-03 11:20:00,DOGEUSDT,1681344734.0,179382669.67046,3.13737486,1.604544,2.61005986,1.06756
2026-02-03 11:25:00,DOGEUSDT,1681404959.0,179447322.12944016,3.14330796,1.603885,2.61231779,0.845248
2026-02-03 11:30:00,DOGEUSDT,1681244933.0,179153460.06048,3.15577889,1.600074,2.61734003,0.304229
2026-02-03 11:35:00,DOGEUSDT,1682972103.0,179797867.48473462,3.14861601,1.598004,2.61165798,1.390855
2026-02-03 11:40:00,DOGEUSDT,1684151800.0,179594832.27117,3.1594041,1.602804,2.61647672,0.620601
2026-02-03 11:45:00,DOGEUSDT,1684586463.0,179728529.73747,3.16452154,1.604289,2.6182697,1.106533
2026-02-03 11:50:00,DOGEUSDT,1684121653.0,179796760.30941388,3.15358869,1.607548,2.61220947,1.937385
2026-02-03 11:55:00,DOGEUSDT,1685124499.0,179802784.0433,3.15572093,1.608731,2.61286279,1.147699
2026-02-03 12:00:00,DOGEUSDT,1684880351.0,179591396.61309,3.15937442,1.607588,2.61524361,1.122694
2026-02-03 12:05:00,DOGEUSDT,1680903930.0,178747323.9162,3.18086501,1.609725,2.62869607,0.457574
2026-02-03 12:10:00,DOGEUSDT,1680609537.0,179253813.21642,3.18139274,1.615391,2.62880403,2.472359
2026-02-03 12:15:00,DOGEUSDT,1679812569.0,179477591.75597358,3.17964072,1.60622,2.61719807,2.25305
2026-02-03 12:20:00,DOGEUSDT,1680467869.0,179612758.2505007,3.18195432,1.610462,2.61470191,1.404227
2026-02-03 12:25:00,DOGEUSDT,1680383280.0,179745003.7852776,3.18006731,1.609896,2.61808706,1.274525
2026-02-03 12:30:00,DOGEUSDT,1690547885.0,182107914.4515774,3.14373032,1.624806,2.5991164,1.972765
2026-02-03 12:35:00,DOGEUSDT,1688646303.0,181635490.78740233,3.15681903,1.637998,2.60796767,1.339769
2026-02-03 12:40:00,DOGEUSDT,1686218630.0,181909265.8044,3.14794216,1.633103,2.6017852,0.949297
2026-02-03 12:45:00,DOGEUSDT,1685131078.0,181620057.324684,3.15216181,1.637459,2.60341683,1.238622
2026-02-03 12:50:00,DOGEUSDT,1687130037.0,182303578.48525128,3.16260918,1.638924,2.60815739,2.165352
2026-02-03 12:55:00,DOGEUSDT,1689079239.0,182809046.03697,3.16422069,1.63839,2.61953802,1.218075
2026-02-03 13:00:00,DOGEUSDT,1691726153.0,182334244.77034,3.15983683,1.644169,2.61411426,0.5184
2026-02-03 13:05:00,DOGEUSDT,1688448607.0,181761492.54355,3.15545674,1.642041,2.60728667,1.096395
2026-02-03 13:10:00,DOGEUSDT,1688083715.0,182076709.4999,3.14499446,1.63373,2.60574438,2.225208
2026-02-03 13:15:00,DOGEUSDT,1688569474.0,181763933.43119276,3.14885355,1.635934,2.60484257,0.743604
2026-02-03 13:20:00,DOGEUSDT,1689174810.0,181761949.36349192,3.15210955,1.636787,2.60118479,1.806402
2026-02-03 13:25:00,DOGEUSDT,1687209558.0,181476260.05848,3.14251431,1.635702,2.59347888,0.905569
2026-02-03 13:30:00,DOGEUSDT,1686133549.0,181866364.59514,3.1356432,1.632119,2.59156271,1.256768
2026-02-03 13:35:00,DOGEUSDT,1685220097.0,181495187.90292636,3.14153903,1.630141,2.59679573,0.836837
2026-02-03 13:40:00,DOGEUSDT,1685375873.0,181717226.62686,3.13556824,1.631147,2.59553988,1.655112
2026-02-03 13:45:00,DOGEUSDT,1685847554.0,181454481.91028488,3.14396456,1.632589,2.60095465,0.706935
2026-02-03 13:50:00,DOGEUSDT,1690149755.0,182299552.5743,3.14217223,1.638296,2.59647283,2.773936
2026-02-03 13:55:00,DOGEUSDT,1688924017.0,181981562.83175,3.14412253,1.637857,2.59944672,0.638952
2026-02-03 14:00:00,DOGEUSDT,1690138752.0,183014443.77716735,3.13095457,1.637194,2.59496807,1.664001
2026-02-03 14:05:00,DOGEUSDT,1691806193.0,182948402.75413856,3.13397129,1.638387,2.60083953,1.108142
2026-02-03 14:10:00,DOGEUSDT,1691658423.0,182942302.4988905,3.13252347,1.636742,2.59826535,0.996116
2026-02-03 14:15:00,DOGEUSDT,1691333914.0,182887927.66885704,3.14396456,1.62107,2.61316872,0.422586
2026-02-03 14:20:00,DOGEUSDT,1691310786.0,182204910.97578,3.14919578,1.62125,2.61526674,0.848912
2026-02-03 14:25:00,DOGEUSDT,1690211344.0,182170978.65632,3.14304171,1.61852,2.61002199,1.913581
2026-02-03 14:30:00,DOGEUSDT,1682092554.0,181884667.86402,3.14620639,1.614587,2.61573055,0.92999
2026-02-03 14:35:00,DOGEUSDT,1683796995.0,181217590.79476815,3.16243278,1.600683,2.63163972,0.534086
2026-02-03 14:40:00,DOGEUSDT,1687232796.0,180398930.54832,3.16440394,1.607752,2.63099489,0.63445
2026-02-03 14:45:00,DOGEUSDT,1686803486.0,180548293.09465936,3.15460282,1.60587,2.62707129,0.897592
2026-02-03 14:50:00,DOGEUSDT,1688094568.0,180825432.10164377,3.14211695,1.618318,2.61869051,1.55494
2026-02-03 14:55:00,DOGEUSDT,1692993289.0,179914396.82203,3.17711833,1.625916,2.63829993,0.531541
2026-02-03 15:00:00,DOGEUSDT,1690806894.0,178836645.17838,3.18539326,1.628157,2.63579948,0.83694
2026-02-03 15:05:00,DOGEUSDT,1691779438.0,179862918.21010917,3.18273543,1.633771,2.62683681,0.975645
2026-02-03 15:10:00,DOGEUSDT,1693284662.0,180790834.9953232,3.1795255,1.630789,2.63095238,1.032005
2026-02-03 15:15:00,DOGEUSDT,1695253203.0,179295962.99308658,3.18571161,1.63965,2.62756088,0.84207
2026-02-03 15:20:00,DOGEUSDT,1708513975.0,181051225.93075,3.19434563,1.682032,2.63476411,0.817935
2026-02-03 15:25:00,DOGEUSDT,1710013893.0,181175971.96335,3.1733383,1.6792,2.63030478,1.035166
2026-02-03 15:30:00,DOGEUSDT,1692377906.0,182539880.94116,3.04979102,1.692672,2.52919501,1.621748
2026-02-03 15:35:00,DOGEUSDT,1671686906.0,181378029.301,3.03435184,1.657524,2.52393517,0.727562
2026-02-03 15:40:00,DOGEUSDT,1668898121.0,180257686.04921,3.02544667,1.652521,2.51948419,0.852277
2026-02-03 15:45:00,DOGEUSDT,1668134506.0,179929141.47207993,3.02237459,1.651364,2.51854641,0.692394
2026-02-03 15:50:00,DOGEUSDT,1673644764.0,183381256.79148,2.97765063,1.7258,2.49295775,1.340025
2026-02-03 15:55:00,DOGEUSDT,1684698611.0,184744049.68226,2.95370699,1.737914,2.47982063,1.612538
2026-02-03 16:00:00,DOGEUSDT,1702662091.0,187446069.59819,2.97898486,1.733222,2.49957853,1.946963
2026-02-03 16:05:00,DOGEUSDT,1702891058.0,186402814.60978848,2.99857194,1.722585,2.50453313,1.088336
2026-02-03 16:10:00,DOGEUSDT,1688076282.0,183088753.54572,3.07437113,1.751628,2.55679224,0.415982
2026-02-03 16:15:00,DOGEUSDT,1683249069.0,182598859.00512,3.06439876,1.751871,2.55854912,1.198939
2026-02-03 16:20:00,DOGEUSDT,1684003925.0,182078630.18061623,3.06179571,1.850046,2.55286176,0.772363
2026-02-03 16:25:00,DOGEUSDT,1672913081.0,179102258.47229892,3.09928296,1.802366,2.57875528,0.50668
2026-02-03 16:30:00,DOGEUSDT,1682700368.0,179458900.4919608,3.13438369,1.786413,2.60797599,0.803986
2026-02-03 16:35:00,DOGEUSDT,1688888322.0,179819131.64226857,3.17205305,1.766406,2.63437926,0.785843
2026-02-03 16:40:00,DOGEUSDT,1694653408.0,180294176.07712,3.17884508,1.750471,2.64950669,1.026841
2026-02-03 16:45:00,DOGEUSDT,1696208874.0,180572951.89555445,3.17540586,1.744434,2.65371094,0.8513
2026-02-03 16:50:00,DOGEUSDT,1699215795.0,180524686.0608,3.18431886,1.744769,2.65893748,0.690841
2026-02-03 16:55:00,DOGEUSDT,1699588432.0,180649254.43728,3.18571161,1.741221,2.6599511,0.718145
2026-02-03 17:00:00,DOGEUSDT,1702088740.0,181100829.2023458,3.19614088,1.739164,2.66777539,0.794348
2026-02-03 17:05:00,DOGEUSDT,1701384396.0,181017108.44186795,3.19076981,1.741682,2.66692713,0.678402
2026-02-03 17:10:00,DOGEUSDT,1701823000.0,180214920.98606,3.08375492,1.731007,2.59746094,0.416027
2026-02-03 17:15:00,DOGEUSDT,1701889318.0,179451940.94222403,3.0632012,1.753557,2.57368267,0.899335
2026-02-03 17:20:00,DOGEUSDT,1688324352.0,177466323.33720577,3.11404175,1.773563,2.58608491,0.699545
2026-02-03 17:25:00,DOGEUSDT,1693244390.0,178675415.0086628,3.0684033,1.774058,2.56246346,1.562119
2026-02-03 17:30:00,DOGEUSDT,1695974244.0,179179678.8786,3.06230122,1.771783,2.56298676,1.121779
2026-02-03 17:35:00,DOGEUSDT,1702037606.0,179258345.3582791,3.06242991,1.771045,2.56293129,0.426662
2026-02-03 17:40:00,DOGEUSDT,1697243847.0,178583997.58134,3.02928095,1.806486,2.54611369,1.978231
2026-02-03 17:45:00,DOGEUSDT,1691777531.0,177063771.04745278,3.01295337,1.800196,2.52820364,0.571747
2026-02-03 17:50:00,DOGEUSDT,1691175400.0,177185410.627978,3.00738962,1.802637,2.52426343,0.714579
2026-02-03 17:55:00,DOGEUSDT,1698989762.0,177721277.9733266,3.01536468,1.806977,2.52822736,0.886703
2026-02-03 18:00:00,DOGEUSDT,1695112379.0,176551293.87684384,3.05652582,1.831878,2.55027797,0.562525
2026-02-03 18:05:00,DOGEUSDT,1700190343.0,177283471.58234295,3.05594143,1.845742,2.55257511,0.891179
2026-02-03 18:10:00,DOGEUSDT,1702402385.0,178134703.95984125,3.06012777,1.840907,2.55778993,0.910729
2026-02-03 18:15:00,DOGEUSDT,1700182471.0,176775112.2762482,3.05790562,1.850036,2.55271128,0.476648
2026-02-03 18:20:00,DOGEUSDT,1682242523.0,174465372.06033,3.09334601,1.89939,2.55736739,0.697384
2026-02-03 18:25:00,DOGEUSDT,1673240472.0,172658019.90904632,3.12228835,1.935718,2.56617574,0.817836
2026-02-03 18:30:00,DOGEUSDT,1668824415.0,171738720.54765,3.11710501,1.98216,2.55141477,1.088483
2026-02-03 18:35:00,DOGEUSDT,1671087615.0,172840592.01945,3.09740755,2.005156,2.53823558,1.385727
2026-02-03 18:40:00,DOGEUSDT,1676645454.0,173415439.30722,3.21367359,2.035257,2.60263801,1.369495
2026-02-03 18:45:00,DOGEUSDT,1673062163.0,172494013.99378714,3.23116635,2.045066,2.62488941,0.821367
2026-02-03 18:50:00,DOGEUSDT,1671851418.0,171300454.22094953,3.24269231,2.062434,2.61798306,0.610353
2026-02-03 18:55:00,DOGEUSDT,1669143904.0,170870261.45248,3.2224775,2.082979,2.60561996,1.339873
2026-02-03 19:00:00,DOGEUSDT,1668317211.0,170902415.09484,3.22330654,2.080125,2.59974512,1.264702
2026-02-03 19:05:00,DOGEUSDT,1668143466.0,171142361.50397167,3.22256156,2.075193,2.60662485,0.866752
2026-02-03 19:10:00,DOGEUSDT,1669569567.0,172917320.05419,3.2323445,2.049923,2.63069639,1.062839
2026-02-03 19:15:00,DOGEUSDT,1668626708.0,175389970.66976196,3.25125628,1.984563,2.6572,1.295727
2026-02-03 19:20:00,DOGEUSDT,1666940217.0,176341171.4954528,3.22677438,1.962272,2.65261265,1.199307
2026-02-03 19:25:00,DOGEUSDT,1663886273.0,175466275.00074336,3.22170901,1.960897,2.63880032,0.737472
2026-02-03 19:30:00,DOGEUSDT,1661276390.0,175463596.9927025,3.21005179,1.97805,2.63073713,1.118063
2026-02-03 19:35:00,DOGEUSDT,1661418223.0,176402824.31615916,3.19950172,1.983456,2.62777998,1.238477
2026-02-03 19:40:00,DOGEUSDT,1660937283.0,176889820.6395,3.17291944,1.987251,2.61447928,0.954868
2026-02-03 19:45:00,DOGEUSDT,1659367535.0,176423956.3212,3.14842863,1.99764,2.59816857,1.321369
2026-02-03 19:50:00,DOGEUSDT,1662895512.0,176350069.0476,3.15463331,1.996735,2.5984841,0.698986
2026-02-03 19:55:00,DOGEUSDT,1666472299.0,177098210.9581647,3.12857681,2.00491,2.5795499,1.622984
2026-02-03 20:00:00,DOGEUSDT,1667298965.0,177367263.8967,3.13453929,2.002492,2.58473746,1.271344
2026-02-03 20:05:00,DOGEUSDT,1668251830.0,176350900.9493,3.15275412,1.997976,2.59146222,0.703194
2026-02-03 20:10:00,DOGEUSDT,1665558949.0,175533257.63511,3.13838612,2.017627,2.57838631,0.821379
2026-02-03 20:15:00,DOGEUSDT,1664129398.0,175216184.31542,3.14353163,2.015736,2.58282749,1.231473
2026-02-03 20:20:00,DOGEUSDT,1666468389.0,176897702.57783625,3.13017306,2.016903,2.57708089,1.519462
2026-02-03 20:25:00,DOGEUSDT,1668072701.0,177936701.20325303,3.13092551,2.018747,2.57981633,1.776275
2026-02-03 20:30:00,DOGEUSDT,1666909270.0,179009386.5053,3.13915674,2.03062,2.59641344,1.45496
2026-02-03 20:35:00,DOGEUSDT,1678602090.0,182648693.4129,3.16155027,2.10937,2.58156099,1.094045
2026-02-03 20:40:00,DOGEUSDT,1675963810.0,183450998.6426,3.15539375,2.107502,2.57130178,1.318228
2026-02-03 20:45:00,DOGEUSDT,1675946227.0,182795454.97889,3.14892802,2.100039,2.57013307,0.922983
2026-02-03 20:50:00,DOGEUSDT,1672923106.0,182114409.31916,3.14597283,2.110086,2.56730675,1.112383
2026-02-03 20:55:00,DOGEUSDT,1673027540.0,182711337.6434,3.13871399,2.11117,2.56269654,0.999414
2026-02-03 21:00:00,DOGEUSDT,1671547310.0,182614504.3297818,3.13463005,2.11167,2.55779042,0.956861
2026-02-03 21:05:00,DOGEUSDT,1664699028.0,182307915.94035313,3.13171941,2.11249,2.55226805,1.452661
2026-02-03 21:10:00,DOGEUSDT,1656652642.0,181370331.24616,3.14386838,2.110116,2.56743453,0.850328
2026-02-03 21:15:00,DOGEUSDT,1651806619.0,180063439.53719,3.15057471,2.117007,2.5651618,0.749681
2026-02-03 21:20:00,DOGEUSDT,1646653394.0,178513694.44354,3.14981776,2.091659,2.55814411,0.78133
2026-02-03 21:25:00,DOGEUSDT,1648312434.0,179423423.7157152,3.10193255,2.104492,2.53214321,2.271785
2026-02-03 21:30:00,DOGEUSDT,1641292062.0,177932472.44142,3.11447043,2.096087,2.53850665,0.843495
2026-02-03 21:35:00,DOGEUSDT,1639163939.0,177505062.95431,3.12319117,2.103424,2.54129606,0.71123
2026-02-03 21:40:00,DOGEUSDT,1640286009.0,176927646.0461751,3.13166444,2.1048,2.54274802,0.845154
2026-02-03 21:45:00,DOGEUSDT,1640059270.0,177027997.6038,3.13422562,2.10082,2.54715686,1.114043
2026-02-03 21:50:00,DOGEUSDT,1639247072.0,176261483.95422336,3.13806971,2.11939,2.54674777,1.121758
2026-02-03 21:55:00,DOGEUSDT,1639259766.0,176253210.04032,3.13307839,2.111588,2.54701441,1.286588
2026-02-03 22:00:00,DOGEUSDT,1639097020.0,176435468.3442274,3.12399847,2.138715,2.53819071,0.643304
2026-02-03 22:05:00,DOGEUSDT,1637676388.0,175999476.49549976,3.11201978,2.14426,2.53029564,1.209069
2026-02-03 22:10:00,DOGEUSDT,1639042135.0,175049700.018,3.1137793,2.154679,2.52582665,0.706495
2026-02-03 22:15:00,DOGEUSDT,1639890038.0,175063886.37933034,3.13159908,2.157273,2.53772937,1.094454
2026-02-03 22:20:00,DOGEUSDT,1639027666.0,174968104.61759257,3.1231151,2.156309,2.53619776,0.893453
2026-02-03 22:25:00,DOGEUSDT,1641349336.0,175296109.0848,3.12423664,2.16379,2.53469908,1.028295
2026-02-03 22:30:00,DOGEUSDT,1639695230.0,175525291.5303773,3.12106768,2.159462,2.55853273,1.519625
2026-02-03 22:35:00,DOGEUSDT,1639593694.0,175584088.69046,3.1233791,2.161032,2.56108418,0.938926
2026-02-03 22:40:00,DOGEUSDT,1638990785.0,175627811.28681496,3.12867507,2.16208,2.56781928,1.368348
2026-02-03 22:45:00,DOGEUSDT,1638990377.0,175412764.80948353,3.13703349,2.166394,2.57528804,0.802891
2026-02-03 22:50:00,DOGEUSDT,1635925306.0,173566619.95740446,3.17072229,2.158618,2.60110165,0.705069
2026-02-03 22:55:00,DOGEUSDT,1634488779.0,173893261.19781,3.18871218,2.143766,2.61096606,1.152695
2026-02-03 23:00:00,DOGEUSDT,1633226288.0,173560344.4636992,3.2130316,2.145452,2.63115913,0.874322
2026-02-03 23:05:00,DOGEUSDT,1631142166.0,172335960.3925893,3.21526151,2.1421,2.62908761,0.955979
2026-02-03 23:10:00,DOGEUSDT,1630066669.0,172868570.24745,3.19825073,2.132794,2.62137389,0.955496
2026-02-03 23:15:00,DOGEUSDT,1629761182.0,173178423.19932,3.20050564,2.131893,2.62584417,0.934597
2026-02-03 23:20:00,DOGEUSDT,1628230497.0,172527303.46212,3.21029039,2.128941,2.63052249,0.514882
2026-02-03 23:25:00,DOGEUSDT,1627517335.0,172565663.03005,3.20412532,2.127517,2.62759524,0.929957
2026-02-03 23:30:00,DOGEUSDT,1628159174.0,172210395.83398,3.19805825,2.128338,2.62706404,0.45546
2026-02-03 23:35:00,DOGEUSDT,1628134230.0,172403133.6147,3.18102782,2.133698,2.62172209,0.901749
2026-02-03 23:40:00,DOGEUSDT,1628702542.0,172769361.66704723,3.17344382,2.129724,2.6162173,1.125285
2026-02-03 23:45:00,DOGEUSDT,1627898972.0,172573570.02172,3.17585808,2.129701,2.61597034,0.720221
2026-02-03 23:50:00,DOGEUSDT,1628514879.0,171970259.25406775,3.17631173,2.126699,2.61263516,0.85116
2026-02-03 23:55:00,DOGEUSDT,1628465989.0,172014862.41807,3.18069498,2.12404,2.61612419,1.007061
2026-02-04 00:00:00,DOGEUSDT,1625118948.0,172187918.02114993,3.17331791,2.118779,2.61182236,0.87951
